day,week,module,learning_objective,primary_material,exercise,required_output,coach_review,pass_criteria
1,1,基线与方法,建立当前能力基线并掌握事实状态与证据等级,2026-06-product-knowledge-assessment.md,闭卷完成基础100分自测并标记不确定答案,BASELINE成绩记录和个人缺口清单,产品经理复核致命错误及最低分模块,完成全部题目且每个不确定答案有后续查证路径
2,1,四家公司定位,不看资料讲清四家公司定位与能力边界,2026-06-product-manager-knowledge-playbook.md,制作四家公司一页记忆地图并进行5分钟口述,四家公司定位表和录音或会议记录,教练检查是否把全球能力外推为中国供应,四家公司定位正确且每家至少指出一个不可判断边界
3,1,Bürkert产品骨架,掌握十大产品族及完整控制回路逻辑,burkert-full-product-handbook.md,从十大产品族各选一个Type说明客户任务,十个Type产品角色表,应用工程复核产品角色和分类语境,至少9个角色正确且没有把Type等同Article Number
4,1,Bürkert制药重点,掌握卫生阀测量MFC阀岛与通信组合,burkert-type-catalog.csv,围绕2103、8098、8741、8652制作产品卡,四张产品卡含用途必问工况和排除项,产品经理抽查官方链接和中国可见性表述,四张卡可追溯且中国可见性未写成库存交期
5,1,GEMÜ骨架,掌握卫生隔膜阀多通阀块一次性与自动化重点,gemu-pharma-series-handbook.md,比较650、649、P600、SUMONDO、1441的角色,五系列竞争地图,应用工程复核单阀阀块一次性边界,五系列定位正确且至少列出三个直接重叠点
6,1,Fujikin骨架,区分生命科学卫生跨行业精密流控与半导体高纯,fujikin-product-series-handbook.md,将BNW、FCS Thermal、MINUCON、FINE PURE、IGS分类,三能力线分类表,产品经理检查是否泛化高纯能力,全部分类正确且制药适用结论均有限定条件
7,1,ESG骨架,掌握可核验系列与低成熟证据边界,esg-jingrui-product-handbook.md,制作A00、100、800/801、0P1证据卡,四张证据卡含FACT CLAIM GAP,质量或产品经理复核证据等级,每项声明正确标记且未预设价格交期优势
8,2,卫生阀参数,掌握卫生隔膜阀可比字段与排除逻辑,2026-06-four-company-product-matrix.csv,对四家公司卫生阀建立同字段比较空表,卫生阀归一化比较表,应用工程检查阀体Ra膜片连接工况文件字段,关键字段完整率不低于90%
9,2,证书与文件,区分材料声明设计认证体系认证与批次文件,2026-06-internal-validation-fieldbook.md,审查一份模拟FDA或USP宣传并列出所需原件信息,证书审查清单,质量人员复核主体日期型号材料范围,不得把网页图标作为通过依据
10,2,第一阶段检查,验证产品骨架和参数证据能力,2026-06-product-knowledge-assessment.md,抽答产品骨架与参数证据模块并演示一次目录检索,DAY-10成绩和补强清单,产品经理按100分框架记录四模块成绩,总分不低于60且无致命错误否则安排补课
11,2,WFI与PW,把卫生隔离测量反馈和诊断组成回路,2026-06-pharma-application-selection-matrix.csv,完成APP-001需求到候选Type路径,WFI选型工作纸,应用工程复核介质排空测量与控制边界,候选有依据且至少三个缺失工况和一个排除项
12,2,发酵供气,掌握多气体MFC配比和单品转方案逻辑,2026-06-pharma-application-selection-matrix.csv,完成APP-002并比较8741与FCS Thermal,发酵供气比较表,应用工程检查气体标况量程压力校准通信,不得在气体和量程未知时比较精度优劣
13,2,卫生阀块,掌握多通阀块输入价值与责任边界,2026-06-pharma-application-field-guide.md,根据简化P&ID列阀位矩阵和必须澄清项,阀块工程输入清单,应用工程复核排空死区焊点传感与验证,能解释为什么P600和普通三通阀不等价
14,2,CIP与蒸汽,按过程风险分级卫生阀公用阀与疏水阀,2026-06-pharma-application-selection-matrix.csv,完成APP-004和APP-005分级选型,阀位风险分级表,应用工程检查关键无菌与普通公用工程边界,无关键位置降配且无全部位置过度卫生化
15,3,纯化与PUPSIT,识别过滤完整性测试的功能模块边界,2026-06-product-knowledge-assessment.md,完成高级场景F并画出责任接口,功能模块责任矩阵,产品经理与应用工程联合复核,覆盖测试仪压力点阀位旁路排空控制与验证责任
16,3,一次性工艺,理解一次性方案的技术商业与供应链权衡,2026-06-product-knowledge-assessment.md,完成高级场景G并建立生命周期成本项,一次性决策清单,产品经理和供应链联合复核,同时覆盖产能清洗验证污染耗材供应与废弃成本
17,3,无菌取样,区分专用取样组件与普通卫生阀,2026-06-pharma-application-selection-matrix.csv,完成APP-009并设计客户问诊,无菌取样问诊表,应用工程复核样品体积灭菌残留容器人员防护,不得用普通卫生阀直接替代专用取样功能
18,3,灌装与微量定量,区分阀参数与实际系统定量表现,2026-06-pharma-application-selection-matrix.csv,完成APP-010并比较微流体比例阀与MINUCON方向,定量方案边界表,应用工程检查目标体积节拍介质重复性滴漏,不得把最小Cv直接写成定量精度
19,3,自动化与阀岛,掌握反馈定位阀岛协议诊断的层级,burkert-competitor-series-map.csv,为OEM撬装设计集中气动控制候选架构,自动化I-O与协议清单,自动化产品经理复核设备网关远程I-O角色,能区分开关反馈连续定位和现场总线诊断
20,3,第二阶段检查,验证六类应用的选型和排除能力,2026-06-product-knowledge-assessment.md,随机完成两个基础场景和一个高级场景,DAY-20成绩和应用缺口清单,应用工程按场景评分法打分,总分不低于70且应用判断不低于21且无致命错误
21,3,GEMÜ攻防,形成卫生阀阀块一次性三条差异化应对,2026-06-competitive-battlecards.md,用一个项目分别模拟单阀和完整回路竞争,GEMÜ项目攻防页,销售与产品经理复核客户采购单位,承认对手专业优势并给出有条件的Bürkert扩展价值
22,4,Fujikin攻防,形成卫生阀MFC高纯边界三条判断,Fujikin-burkert-series-map.csv,审查一个混合使用半导体与制药资料的竞品说法,Fujikin能力边界页,产品经理复核型号能力线与中国项目证据,至少识别两个不可外推结论并提出验证动作
23,4,ESG攻防,形成标准阀包合规准入与商业验证路径,2026-06-competitive-battlecards.md,完成高级场景H并关联内部验证任务,ESG阀门包审查页,质量采购销售联合复核证书配置价格交期,技术资格和商业优势分别评价且引用validation_id
24,4,价格与交期,掌握同规格净价和承诺实际交期记录规则,2026-06-internal-validation-fieldbook.md,填一条模拟竞争项目并运行内部验证校验器,合格项目日志样例,销售运营和供应链复核可比字段,双方型号配置价格条款及承诺实际交期完整
25,4,输赢复盘,把销售印象转成可验证的客户决策证据,2026-06-competitive-project-log-template.csv,对一个历史输赢项目重写原因与证据链,项目复盘页,销售负责人复核客户事实内部判断和推测,结果原因和证据位置完整且不使用单一主观标签
26,4,管理层策略,把竞争事实转成优先级资源与风险决策,2026-06-four-company-competitive-research.md,制作一页管理层摘要含高影响事实和待验证项,管理层一页纸,负责人检查事实推断和行动是否分离,每项行动有负责人时限依据且不创建虚假精确分数
27,4,销售应用,把选型和竞争知识转成客户发现问题,2026-06-pharma-application-field-guide.md,模拟15分钟客户问诊并形成下一步承诺,问诊记录和下一步清单,销售经理与应用工程联合复核,取得至少三个决定性工况和一个可验证下一步
28,4,产品路线,区分真实产品缺口证据缺口表达缺口与交付缺口,2026-06-product-knowledge-coverage-audit.md,对三条竞争反馈进行四类缺口分类,产品缺口分诊表,产品负责人复核是否误把单项目当路线结论,每条反馈有分类证据影响与下一步验证
29,4,综合演练,在不完整信息下完成选型竞争与证据计划,2026-06-product-knowledge-assessment.md,进行60分钟盲案演练覆盖一名主要竞品,综合案例答卷和口头汇报,产品应用销售三方交叉评分,识别不可直接比较项并形成产品商业证据三类动作
30,4,结业评估,证明可独立参与客户项目并守住证据边界,2026-06-product-knowledge-assessment.md,闭卷基础自测加随机场景答辩和目录检索,DAY-30成绩记录个人能力雷达和60天行动,产品经理与应用工程共同签署,总分不低于75四模块均达最低线且无致命错误
