esg_series,esg_role,burkert_types,overlap_type,pharma_scenario,esg_competitive_signal,burkert_response,comparison_dimensions,evidence_ids,confidence,gaps
A00/A01,Pneumatic and manual hygienic diaphragm valves,2030|2063|2103,DIRECT,配液、纯化、CIP/SIP和卫生输送,公开参数包含316L、Ra、膜片和温压范围，具备国产卫生阀产品基础。,取得当前数据表和证书原件后，按阀体、Ra、膜片、排空、连接、认证及自动化比较。,DN；Cv/Kv；阀体；Ra；膜片；连接；压力；温度；排空；认证,ESG-SERIES-A00|ESG-SERIES-A01,MEDIUM,FDA、USP、EC声明、材料批次、膜片寿命、中国项目案例、净价和交期。
A31,Manual aseptic sampling valve,,PORTFOLIO_ADJACENT,罐体和管路无菌取样,公开产品页给出316L、PTFE膜片、ASME BPE焊接/卡箍及PN16。,若项目包含取样阀，应按取样回路、灭菌、残留、容器和证书单独评估。,取样口；阀体；膜片；连接；灭菌；残留；容器；证书,ESG-SERIES-A31,MEDIUM,无菌验证文件、FDA/USP证书原件、取样死区和中国装机。
T-VALVE/103,Sanitary T-pattern claim and three-way angle-seat valve,2034|2035|2104|2106,ADJACENT_NOT_EQUIVALENT,分流、切换、卫生支路和设备管路,具备T型和三通阀产品信号，可进入标准设备阀门包。,不得把三通角座阀或新闻中的T阀等同于低死区机加工多通隔膜阀块。,流路；阀位；死区；排空；焊点；阀座；膜片；验证文件,ESG-SERIES-T-VALVE|ESG-SERIES-103,LOW,T阀当前产品页、图纸、阀体结构、死区、排空和复杂阀块加工能力。
100/101/107/111/120/127,Angle-seat shut-off valve family,2000|2002|2012|2100|2101,DIRECT,蒸汽、CIP/SIP辅助回路、公用工程和灌装设备,系列跨度大，覆盖气动、手动、螺纹及部分卫生焊接/卡箍连接。,按单一系列锁定阀体、密封、温压、连接、执行方式和蒸汽寿命，不做家族级外推。,介质；DN；Kv；压差；温度；阀座；泄漏；连接；执行器,ESG-SERIES-100-101-107-111-120-127,MEDIUM,各系列独立数据表、卫生符合性、寿命、备件和项目实际交期。
104/105/106 + 0P1,Proportional angle-seat valves and intelligent positioner,2300|2301|8692|8693|8694|8791|8792,DIRECT_OR_ADJACENT,蒸汽、温度、压力和设备流量调节,公开产品覆盖气动/电动调节与基础模拟量定位器。,比较控制精度、可调比、迟滞、反馈、故障位、协议、诊断和防爆证书。,Cv/Kv；特性；可调比；迟滞；响应；I/O；协议；IP；防爆,ESG-SERIES-104-105-106|ESG-SERIES-0P1,MEDIUM,当前在售配置、控制性能、总线、诊断、Ex证书及执行器兼容性。
1AA/1AS/1AJ/1AE/1AK,Filling valve family,6650|7604|7615,ADJACENT,灌装、精密定量和黏稠介质设备,具有专用灌装阀系列，可参与食品、日化和部分设备项目。,先确认是否为卫生制药灌装，再比较定量原理、重复性、死体积、清洗和连接。,定量原理；体积；重复性；死体积；接液；连接；清洗；响应,ESG-SERIES-1AA-1AS|ESG-SERIES-1AJ-1AE-1AK,LOW,制药卫生适配、定量性能、无菌文件及1AJ/1AE/1AK官方PDF原文。
300/400/500,"Butterfly, ball and check valve families",2671|2672|8804|8805,DIRECT_OR_ADJACENT,公用工程、大口径输送和设备隔离,标准工业阀产品族支持阀门包销售。,区分卫生型与通用工业型，按阀板/球体、腔体、密封、连接、扭矩和执行器比较。,口径；阀体；密封；腔体；排空；连接；扭矩；执行器,ESG-SERIES-300|ESG-SERIES-400|ESG-SERIES-500,LOW,当前详细目录、卫生型号、材料、温压、执行器和认证。
700/701,Pressure reducing and overflow valves,,UTILITY_ADJACENT,一般公用工程压力调节,提供自力式压力控制阀，可扩展设备阀门包。,不按名称直接与电子压力控制比较；先确认介质、卫生边界和控制任务。,介质；入口/出口压力；流量；阀体；密封；连接；卫生要求,ESG-SERIES-700-701,MEDIUM,卫生接液、调节精度、容量曲线和制药项目应用。
800/801 + 901,Steam traps and air eliminators,,UTILITY_ADJACENT,蒸汽冷凝水、热水和一般液体公用工程,覆盖蒸汽和液体辅助阀门，可参与完整阀门包。,把疏水/排气性能、洁净蒸汽适配和维护周期纳入阀门包总评价。,原理；负荷；差压；背压；排空气；温度；连接；维护,ESG-SERIES-800-801|ESG-SERIES-901,LOW,800家族/801热动力系列的容量、空气排放、洁净蒸汽适配和当前数据表。
