record_id,catalogue_title,category,subcategory,product_group,model_numbers,maximum_nominal_sizes,cleanliness,flow_rate_class,materials,pharma_relevance,pharma_basis,pharma_applications,english_catalogue_url,chinese_catalogue_url,official_index_url,accessed_date,evidence_grade,notes
FUBFL-FUB-FUBFN-8D68C619,FINE series PURE Bellows・Metal Diaphragm series,Manual Valves,1-1. Globe Valves,Bellows Valves,FUBFL FUB FUBFN,12.7,Complete,Low,S,LOW,"Current official catalogue row, but no direct pharma positioning in the index.",可能用于通用设备或公用工程；不能据此推断制药适用。,https://www.fujikin.co.jp/support/pdf/710-01_pure_bellows_eng.pdf,https://www.fujikin.co.jp/support/pdf/finec_pure_bellows.pdf,https://www.fujikin.co.jp/en/support/download/,2026-06-09,A,Series-level catalogue row. Model codes may cover multiple variants; do not treat them as interchangeable.
PUBF-PUBFL-F198E743,Stainless Steel Bellows Valves 1MPa Type,Manual Valves,1-1. Globe Valves,Bellows Valves,PUBF PUBFL,12.7,Class 1,Low,S,LOW,"Current official catalogue row, but no direct pharma positioning in the index.",可能用于通用设备或公用工程；不能据此推断制药适用。,,,https://www.fujikin.co.jp/en/support/download/,2026-06-09,A,Series-level catalogue row. Model codes may cover multiple variants; do not treat them as interchangeable.
VUBF-VUBFD-VUBFH-VUBFN-56F94298,"V-Series Bellows Valves 6.89MPa, 4.82MPa",Manual Valves,1-1. Globe Valves,Bellows Valves,VUBF VUBFD VUBFH VUBFN,12.7,*,Low,S,LOW,"Current official catalogue row, but no direct pharma positioning in the index.",可能用于通用设备或公用工程；不能据此推断制药适用。,https://www.fujikin.co.jp/support/pdf/newve_new-v-collection_16.pdf,,https://www.fujikin.co.jp/en/support/download/,2026-06-09,A,Series-level catalogue row. Model codes may cover multiple variants; do not treat them as interchangeable.
VUTW-VUT-VUHGB-25EFB794,"V-Series Instrument Manifold/Gauge Valves 41.3MPa VUTW, VUT, VUHGB Series",Manual Valves,1-1. Globe Valves,Manifold/Gauge Valves,VUTW VUT VUHGB,15A,*,Low,S,LOW,"Current official catalogue row, but no direct pharma positioning in the index.",可能用于通用设备或公用工程；不能据此推断制药适用。,https://www.fujikin.co.jp/support/pdf/newve_new-v-collection_15.pdf,,https://www.fujikin.co.jp/en/support/download/,2026-06-09,A,Series-level catalogue row. Model codes may cover multiple variants; do not treat them as interchangeable.
FUBD-31981576,"FINE series PURE High Flow Valve series ""Kiwami""",Manual Valves,1-1. Globe Valves,Metal Diaphragm Valves,FUBD,12.7,Complete,Low,S,LOW,"Current official catalogue row, but no direct pharma positioning in the index.",可能用于通用设备或公用工程；不能据此推断制药适用。,https://www.fujikin.co.jp/support/pdf/fufde_high_flow.pdf,https://www.fujikin.co.jp/support/pdf/700-04_high_flow_chnk.pdf,https://www.fujikin.co.jp/en/support/download/,2026-06-09,A,Series-level catalogue row. Model codes may cover multiple variants; do not treat them as interchangeable.
FUDF-E4CD59C7,FINE series PURE Bellows・Metal Diaphragm series,Manual Valves,1-1. Globe Valves,Metal Diaphragm Valves,FUDF,12.7,Complete,Low,S,LOW,"Current official catalogue row, but no direct pharma positioning in the index.",可能用于通用设备或公用工程；不能据此推断制药适用。,https://www.fujikin.co.jp/support/pdf/710-01_pure_bellows_eng.pdf,https://www.fujikin.co.jp/support/pdf/710-01_pure_bellows_chn.pdf,https://www.fujikin.co.jp/en/support/download/,2026-06-09,A,Series-level catalogue row. Model codes may cover multiple variants; do not treat them as interchangeable.
FUNDL-FUND-A5443E89,FINE series PURE NEW MEGA® Series,Manual Valves,1-1. Globe Valves,Metal Diaphragm Valves,FUNDL FUND,12.7,Complete,Low,S,LOW,"Current official catalogue row, but no direct pharma positioning in the index.",可能用于通用设备或公用工程；不能据此推断制药适用。,https://www.fujikin.co.jp/support/pdf/megae_new_mega.pdf,https://www.fujikin.co.jp/support/pdf/megac_new_mega.pdf,https://www.fujikin.co.jp/en/support/download/,2026-06-09,A,Series-level catalogue row. Model codes may cover multiple variants; do not treat them as interchangeable.
DH-12-DUE-12-BH-21-F98A6FE3,Brass／Bronze Needle Valves,Manual Valves,1-1. Globe Valves,Needle Valves,DH-12 DUE-12 BH-21,100A,*,Low,B、C,LOW,"Current official catalogue row, but no direct pharma positioning in the index.",可能用于通用设备或公用工程；不能据此推断制药适用。,,,https://www.fujikin.co.jp/en/support/download/,2026-06-09,A,Series-level catalogue row. Model codes may cover multiple variants; do not treat them as interchangeable.
DS-11-13117966,Brass／Bronze Needle Valves,Manual Valves,1-1. Globe Valves,Needle Valves,DS-11,15A,*,Low,C,LOW,"Current official catalogue row, but no direct pharma positioning in the index.",可能用于通用设备或公用工程；不能据此推断制药适用。,,,https://www.fujikin.co.jp/en/support/download/,2026-06-09,A,Series-level catalogue row. Model codes may cover multiple variants; do not treat them as interchangeable.
DS-11-13955136,Female Threaded Needle Stop Valves Economy Type,Manual Valves,1-1. Globe Valves,Needle Valves,DS-11,10A,*,Low,S、C,LOW,"Current official catalogue row, but no direct pharma positioning in the index.",可能用于通用设备或公用工程；不能据此推断制药适用。,,,https://www.fujikin.co.jp/en/support/download/,2026-06-09,A,Series-level catalogue row. Model codes may cover multiple variants; do not treat them as interchangeable.
FH-UT-7371F90F,Super Double Bite Fittings (Abbreviation: SUW) & Process Instrumentation Products SUPER W-BITE FITTING,Manual Valves,1-1. Globe Valves,Needle Valves,FH-UT,15A,*,Low,S,LOW,"Current official catalogue row, but no direct pharma positioning in the index.",可能用于通用设备或公用工程；不能据此推断制药适用。,,,https://www.fujikin.co.jp/en/support/download/,2026-06-09,A,Series-level catalogue row. Model codes may cover multiple variants; do not treat them as interchangeable.
FUN-FUE-FUH-46ADB9F8,FINE series PURE Standard series,Manual Valves,1-1. Globe Valves,Needle Valves,FUN FUE FUH,10A 12.7,Complete,Low,S,LOW,"Current official catalogue row, but no direct pharma positioning in the index.",可能用于通用设备或公用工程；不能据此推断制药适用。,https://www.fujikin.co.jp/support/pdf/fu05e_pure_standard.pdf,https://www.fujikin.co.jp/support/pdf/701-01_pure_standard_chn.pdf,https://www.fujikin.co.jp/en/support/download/,2026-06-09,A,Series-level catalogue row. Model codes may cover multiple variants; do not treat them as interchangeable.
PDS-PDWVP-433F234E,Brass Needle Stop Valves Bulkhead Type,Manual Valves,1-1. Globe Valves,Needle Valves,PDS PDWVP,15A 12.7 12,*,Low,C,LOW,"Current official catalogue row, but no direct pharma positioning in the index.",可能用于通用设备或公用工程；不能据此推断制药适用。,https://www.fujikin.co.jp/support/pdf/newve_new-v-collection_14.pdf,,https://www.fujikin.co.jp/en/support/download/,2026-06-09,A,Series-level catalogue row. Model codes may cover multiple variants; do not treat them as interchangeable.
PUH-134-CA967EA3,Stainless Steel Bonnetless Type Stop Valves 34MPa Type,Manual Valves,1-1. Globe Valves,Needle Valves,PUH-134,15A 12.7,Class 2,Low,S,LOW,"Current official catalogue row, but no direct pharma positioning in the index.",可能用于通用设备或公用工程；不能据此推断制药适用。,,,https://www.fujikin.co.jp/en/support/download/,2026-06-09,A,Series-level catalogue row. Model codes may cover multiple variants; do not treat them as interchangeable.
PUH-916-F21D708C,SUS316 Female Threaded Needle Stop Valves,Manual Valves,1-1. Globe Valves,Needle Valves,PUH-916,15A 12.7,Class 2,Low,S,LOW,"Current official catalogue row, but no direct pharma positioning in the index.",可能用于通用设备或公用工程；不能据此推断制药适用。,https://www.fujikin.co.jp/support/pdf/702_p_needle_stop_eng.pdf,,https://www.fujikin.co.jp/en/support/download/,2026-06-09,A,Series-level catalogue row. Model codes may cover multiple variants; do not treat them as interchangeable.
PUN-UN-DUN-8CF4A2FF,Minute Flow Control Valves Cv 0.004 Type,Manual Valves,1-1. Globe Valves,Needle Valves,PUN UN DUN,6.35,Class 2,Low,S、C,LOW,"Current official catalogue row, but no direct pharma positioning in the index.",可能用于通用设备或公用工程；不能据此推断制药适用。,,,https://www.fujikin.co.jp/en/support/download/,2026-06-09,A,Series-level catalogue row. Model codes may cover multiple variants; do not treat them as interchangeable.
PUS-142-909C5E78,Stainless Steel Male Threaded Stop Valves 42MPa Type,Manual Valves,1-1. Globe Valves,Needle Valves,PUS-142,15A 12.7,Class 2,Low,S,LOW,"Current official catalogue row, but no direct pharma positioning in the index.",可能用于通用设备或公用工程；不能据此推断制药适用。,,,https://www.fujikin.co.jp/en/support/download/,2026-06-09,A,Series-level catalogue row. Model codes may cover multiple variants; do not treat them as interchangeable.
PUS-916-78AA66E1,SUS316 Female Threaded Needle Stop Valves,Manual Valves,1-1. Globe Valves,Needle Valves,PUS-916,12.7,Class 2,Low,S,LOW,"Current official catalogue row, but no direct pharma positioning in the index.",可能用于通用设备或公用工程；不能据此推断制药适用。,,,https://www.fujikin.co.jp/en/support/download/,2026-06-09,A,Series-level catalogue row. Model codes may cover multiple variants; do not treat them as interchangeable.
RV-6-96A69CEB,Ring Joints & Miniature Valves,Manual Valves,1-1. Globe Valves,Needle Valves,RV-6,12 12×10A,*,Low,C,LOW,"Current official catalogue row, but no direct pharma positioning in the index.",可能用于通用设备或公用工程；不能据此推断制药适用。,,,https://www.fujikin.co.jp/en/support/download/,2026-06-09,A,Series-level catalogue row. Model codes may cover multiple variants; do not treat them as interchangeable.
UH-11500HP-D5D384B3,Male Threaded Panel Mount Shape Disc & Needle Stop Valves Clean Couplings,Manual Valves,1-1. Globe Valves,Needle Valves,UH-11500HP,25A,Class 1,Low,S,LOW,"Current official catalogue row, but no direct pharma positioning in the index.",可能用于通用设备或公用工程；不能据此推断制药适用。,,,https://www.fujikin.co.jp/en/support/download/,2026-06-09,A,Series-level catalogue row. Model codes may cover multiple variants; do not treat them as interchangeable.
UH-14-UN-116-UE-19-6B3635E9,Stainless Steel Needle Valves Average／Small／Minute Adjustments,Manual Valves,1-1. Globe Valves,Needle Valves,UH-14 UN-116 UE-19,25A,Class 2,Low,S,LOW,"Current official catalogue row, but no direct pharma positioning in the index.",可能用于通用设备或公用工程；不能据此推断制药适用。,,,https://www.fujikin.co.jp/en/support/download/,2026-06-09,A,Series-level catalogue row. Model codes may cover multiple variants; do not treat them as interchangeable.
UH-7100L-3C146776,Valves & Fittings for Ultra High-Pressure Hydrogen Gas,Manual Valves,1-1. Globe Valves,Needle Valves,UH-7100L,14.2,*,Low,S,LOW,"Current official catalogue row, but no direct pharma positioning in the index.",可能用于通用设备或公用工程；不能据此推断制药适用。,https://www.fujikin.co.jp/support/pdf/hyd1e_hyd.pdf,,https://www.fujikin.co.jp/en/support/download/,2026-06-09,A,Series-level catalogue row. Model codes may cover multiple variants; do not treat them as interchangeable.
UN-115-UN-130-UN-150-953E87EE,MINUCON Diaphragm Type Mini Control Valves,Manual Valves,1-1. Globe Valves,Needle Valves,UN-115 UN-130 UN-150,15A,Class 2,Low,S,MEDIUM,Product function overlaps a pharma utility or equipment task; no blanket sterile claim.,制药公用工程、设备内部流体或邻近应用；卫生等级待确认。,https://www.fujikin.co.jp/support/pdf/minue_minucon.pdf,,https://www.fujikin.co.jp/en/support/download/,2026-06-09,A,Series-level catalogue row. Model codes may cover multiple variants; do not treat them as interchangeable.
UN-14M-B0DBE74B,"Stainless Steel Needle Valves, Average／Small／Minute Adjustments UN-14M",Manual Valves,1-1. Globe Valves,Needle Valves,UN-14M,8A 6.35,Class 2,Low,S,LOW,"Current official catalogue row, but no direct pharma positioning in the index.",可能用于通用设备或公用工程；不能据此推断制药适用。,,,https://www.fujikin.co.jp/en/support/download/,2026-06-09,A,Series-level catalogue row. Model codes may cover multiple variants; do not treat them as interchangeable.
US-127P-0A0BF600,Needle Stop Valves US-valves Manben Kun 26.5MPa Stainless Steel,Manual Valves,1-1. Globe Valves,Needle Valves,US-127P,25A,*,Low,S,LOW,"Current official catalogue row, but no direct pharma positioning in the index.",可能用于通用设备或公用工程；不能据此推断制药适用。,https://www.fujikin.co.jp/support/pdf/115_new_us-valves_eng.pdf,,https://www.fujikin.co.jp/en/support/download/,2026-06-09,A,Series-level catalogue row. Model codes may cover multiple variants; do not treat them as interchangeable.
US-13P-4D94B86C,Stainless Steel Needle Valves Average／Small／Minute Adjustments,Manual Valves,1-1. Globe Valves,Needle Valves,US-13P,15A,Class 2,Low,S,LOW,"Current official catalogue row, but no direct pharma positioning in the index.",可能用于通用设备或公用工程；不能据此推断制药适用。,,,https://www.fujikin.co.jp/en/support/download/,2026-06-09,A,Series-level catalogue row. Model codes may cover multiple variants; do not treat them as interchangeable.
VUH-941P-D4FDC336,V-Series Union-Bonnet Needle Valves VUH Series,Manual Valves,1-1. Globe Valves,Needle Valves,VUH-941P,12.7,*,Low,S,LOW,"Current official catalogue row, but no direct pharma positioning in the index.",可能用于通用设备或公用工程；不能据此推断制药适用。,https://www.fujikin.co.jp/support/pdf/newve_new-v-collection_13.pdf,,https://www.fujikin.co.jp/en/support/download/,2026-06-09,A,Series-level catalogue row. Model codes may cover multiple variants; do not treat them as interchangeable.
FUD-0737D1B7,FINE series PURE Standard series,Manual Valves,1-1. Globe Valves,Stop Valves,FUD,10A 12.7,Complete,Low,S,LOW,"Current official catalogue row, but no direct pharma positioning in the index.",可能用于通用设备或公用工程；不能据此推断制药适用。,https://www.fujikin.co.jp/support/pdf/fu05e_pure_standard.pdf,https://www.fujikin.co.jp/support/pdf/701-01_pure_standard_chn.pdf,https://www.fujikin.co.jp/en/support/download/,2026-06-09,A,Series-level catalogue row. Model codes may cover multiple variants; do not treat them as interchangeable.
PUD-134-2F96308C,Stainless Steel Bonnetless Type Stop Valves 34MPa Type,Manual Valves,1-1. Globe Valves,Stop Valves,PUD-134,15A 12.7,Class 2,Low,S,LOW,"Current official catalogue row, but no direct pharma positioning in the index.",可能用于通用设备或公用工程；不能据此推断制药适用。,,,https://www.fujikin.co.jp/en/support/download/,2026-06-09,A,Series-level catalogue row. Model codes may cover multiple variants; do not treat them as interchangeable.
UD-11500HP-6BCADA6D,Male Threaded Panel Mount Shape Disc & Needle Stop Valves Clean Couplings,Manual Valves,1-1. Globe Valves,Stop Valves,UD-11500HP,25A,Class 1,Low,S,LOW,"Current official catalogue row, but no direct pharma positioning in the index.",可能用于通用设备或公用工程；不能据此推断制药适用。,,,https://www.fujikin.co.jp/en/support/download/,2026-06-09,A,Series-level catalogue row. Model codes may cover multiple variants; do not treat them as interchangeable.
VUK-11-CC34AE85,Toggle Valves,Manual Valves,1-1. Globe Valves,Stop Valves,VUK-11,8A 9.52,Class 2,Low,S、C,LOW,"Current official catalogue row, but no direct pharma positioning in the index.",可能用于通用设备或公用工程；不能据此推断制药适用。,https://www.fujikin.co.jp/support/pdf/newve_new-v-collection_17.pdf,,https://www.fujikin.co.jp/en/support/download/,2026-06-09,A,Series-level catalogue row. Model codes may cover multiple variants; do not treat them as interchangeable.
VUK-91P-5BA55FB5,V-Series Toggle Valves VUK Series,Manual Valves,1-1. Globe Valves,Stop Valves,VUK-91P,12.7,*,Low,S,LOW,"Current official catalogue row, but no direct pharma positioning in the index.",可能用于通用设备或公用工程；不能据此推断制药适用。,https://www.fujikin.co.jp/support/pdf/newve_new-v-collection_17.pdf,,https://www.fujikin.co.jp/en/support/download/,2026-06-09,A,Series-level catalogue row. Model codes may cover multiple variants; do not treat them as interchangeable.
DH-32-DUE-32-BH-31-4546EB5B,Brass／Bronze Needle Valves,Manual Valves,1-2. Angle Valves,Needle Valves,DH-32 DUE-32 BH-31,100A,*,Low,C,LOW,"Current official catalogue row, but no direct pharma positioning in the index.",可能用于通用设备或公用工程；不能据此推断制药适用。,,,https://www.fujikin.co.jp/en/support/download/,2026-06-09,A,Series-level catalogue row. Model codes may cover multiple variants; do not treat them as interchangeable.
DS-31-BC316D8B,Brass／Bronze Needle Valves,Manual Valves,1-2. Angle Valves,Needle Valves,DS-31,15A,*,Low,C,LOW,"Current official catalogue row, but no direct pharma positioning in the index.",可能用于通用设备或公用工程；不能据此推断制药适用。,,,https://www.fujikin.co.jp/en/support/download/,2026-06-09,A,Series-level catalogue row. Model codes may cover multiple variants; do not treat them as interchangeable.
FUN-35-FUE-35-FUH-35-3486B101,FINE series PURE Standard series,Manual Valves,1-2. Angle Valves,Needle Valves,FUN-35 FUE-35 FUH-35,15A,Complete,Low,S,LOW,"Current official catalogue row, but no direct pharma positioning in the index.",可能用于通用设备或公用工程；不能据此推断制药适用。,https://www.fujikin.co.jp/support/pdf/fu05e_pure_standard.pdf,https://www.fujikin.co.jp/support/pdf/fu05c_pure_standard.pdf,https://www.fujikin.co.jp/en/support/download/,2026-06-09,A,Series-level catalogue row. Model codes may cover multiple variants; do not treat them as interchangeable.
PUH-016-A648DCC4,SUS316 Female Threaded Needle Stop Valves,Manual Valves,1-2. Angle Valves,Needle Valves,PUH-016,15A 12.7,Class 2,Low,S,LOW,"Current official catalogue row, but no direct pharma positioning in the index.",可能用于通用设备或公用工程；不能据此推断制药适用。,https://www.fujikin.co.jp/support/pdf/newve_new-v-collection_10.pdf,,https://www.fujikin.co.jp/en/support/download/,2026-06-09,A,Series-level catalogue row. Model codes may cover multiple variants; do not treat them as interchangeable.
PUN-UN-DUN-574C0E9B,Minute Flow Control Valves Cv 0.004 Type,Manual Valves,1-2. Angle Valves,Needle Valves,PUN UN DUN,6.35,Class 2,Low,S、C,LOW,"Current official catalogue row, but no direct pharma positioning in the index.",可能用于通用设备或公用工程；不能据此推断制药适用。,,,https://www.fujikin.co.jp/en/support/download/,2026-06-09,A,Series-level catalogue row. Model codes may cover multiple variants; do not treat them as interchangeable.
PUS-016-26400A90,SUS316 Female Threaded Needle Stop Valves,Manual Valves,1-2. Angle Valves,Needle Valves,PUS-016,12.7,Class 2,Low,S,LOW,"Current official catalogue row, but no direct pharma positioning in the index.",可能用于通用设备或公用工程；不能据此推断制药适用。,,,https://www.fujikin.co.jp/en/support/download/,2026-06-09,A,Series-level catalogue row. Model codes may cover multiple variants; do not treat them as interchangeable.
RA-6-D14A8B11,Ring Joints & Miniature Valves,Manual Valves,1-2. Angle Valves,Needle Valves,RA-6,12 12×10A,*,Low,C,LOW,"Current official catalogue row, but no direct pharma positioning in the index.",可能用于通用设备或公用工程；不能据此推断制药适用。,,,https://www.fujikin.co.jp/en/support/download/,2026-06-09,A,Series-level catalogue row. Model codes may cover multiple variants; do not treat them as interchangeable.
UH-31500HP-D81A88DC,Male Threaded Panel Mount Shape Disc & Needle Stop Valves Clean Couplings,Manual Valves,1-2. Angle Valves,Needle Valves,UH-31500HP,25A,Class 1,Low,S,LOW,"Current official catalogue row, but no direct pharma positioning in the index.",可能用于通用设备或公用工程；不能据此推断制药适用。,,,https://www.fujikin.co.jp/en/support/download/,2026-06-09,A,Series-level catalogue row. Model codes may cover multiple variants; do not treat them as interchangeable.
UH-33-DH-31-FE868CCD,Female Threaded Needle Stop Valves Economy Type,Manual Valves,1-2. Angle Valves,Needle Valves,UH-33 DH-31,10A,*,Low,S、C,LOW,"Current official catalogue row, but no direct pharma positioning in the index.",可能用于通用设备或公用工程；不能据此推断制药适用。,,,https://www.fujikin.co.jp/en/support/download/,2026-06-09,A,Series-level catalogue row. Model codes may cover multiple variants; do not treat them as interchangeable.
UN-04M-B1ECA1BA,Stainless Steel Needle Valves Average／Small／Minute Adjustments,Manual Valves,1-2. Angle Valves,Needle Valves,UN-04M,6.35,Class 1,Low,S,LOW,"Current official catalogue row, but no direct pharma positioning in the index.",可能用于通用设备或公用工程；不能据此推断制药适用。,,,https://www.fujikin.co.jp/en/support/download/,2026-06-09,A,Series-level catalogue row. Model codes may cover multiple variants; do not treat them as interchangeable.
UN-34M-FC2894BA,Stainless Steel Needle Valves Average／Small／Minute Adjustments,Manual Valves,1-2. Angle Valves,Needle Valves,UN-34M,8A,Class 2,Low,S,LOW,"Current official catalogue row, but no direct pharma positioning in the index.",可能用于通用设备或公用工程；不能据此推断制药适用。,,,https://www.fujikin.co.jp/en/support/download/,2026-06-09,A,Series-level catalogue row. Model codes may cover multiple variants; do not treat them as interchangeable.
US-327P-EB912110,Needle Stop Valves US-valves Manben Kun 26.5MPa Stainless Steel,Manual Valves,1-2. Angle Valves,Needle Valves,US-327P,25A,*,Low,S,LOW,"Current official catalogue row, but no direct pharma positioning in the index.",可能用于通用设备或公用工程；不能据此推断制药适用。,https://www.fujikin.co.jp/support/pdf/115_new_us-valves_eng.pdf,,https://www.fujikin.co.jp/en/support/download/,2026-06-09,A,Series-level catalogue row. Model codes may cover multiple variants; do not treat them as interchangeable.
US-33P-56DBCAB3,Stainless Steel Needle Valves Average／Small／Minute Adjustments,Manual Valves,1-2. Angle Valves,Needle Valves,US-33P,15A,Class 2,Low,S,LOW,"Current official catalogue row, but no direct pharma positioning in the index.",可能用于通用设备或公用工程；不能据此推断制药适用。,,,https://www.fujikin.co.jp/en/support/download/,2026-06-09,A,Series-level catalogue row. Model codes may cover multiple variants; do not treat them as interchangeable.
FUD-35-722A3331,FINE series PURE Standard series,Manual Valves,1-2. Angle Valves,Stop Valves,FUD-35,15A,Complete,Low,S,LOW,"Current official catalogue row, but no direct pharma positioning in the index.",可能用于通用设备或公用工程；不能据此推断制药适用。,https://www.fujikin.co.jp/support/pdf/fu05e_pure_standard.pdf,https://www.fujikin.co.jp/support/pdf/701-01_pure_standard_chn.pdf,https://www.fujikin.co.jp/en/support/download/,2026-06-09,A,Series-level catalogue row. Model codes may cover multiple variants; do not treat them as interchangeable.
UD-31500HP-4A1B4AEA,Male Threaded Panel Mount Shape Disc & Needle Stop Valves Clean Couplings,Manual Valves,1-2. Angle Valves,Stop Valves,UD-31500HP,25A,Class 1,Low,S,LOW,"Current official catalogue row, but no direct pharma positioning in the index.",可能用于通用设备或公用工程；不能据此推断制药适用。,,,https://www.fujikin.co.jp/en/support/download/,2026-06-09,A,Series-level catalogue row. Model codes may cover multiple variants; do not treat them as interchangeable.
UK-31-3E5F15CC,Toggle Valves,Manual Valves,1-2. Angle Valves,Stop Valves,UK-31,9.52,Class 2,Low,S,LOW,"Current official catalogue row, but no direct pharma positioning in the index.",可能用于通用设备或公用工程；不能据此推断制药适用。,,,https://www.fujikin.co.jp/en/support/download/,2026-06-09,A,Series-level catalogue row. Model codes may cover multiple variants; do not treat them as interchangeable.
VUP-920-2B93BF6E,V-Series Plug Valves VUP Series,Manual Valves,1-3. Plug Valves,Plug Valves,VUP-920,1/2 in.,*,Low,S,LOW,"Current official catalogue row, but no direct pharma positioning in the index.",可能用于通用设备或公用工程；不能据此推断制药适用。,https://www.fujikin.co.jp/support/pdf/newve_new-v-collection_08.pdf,,https://www.fujikin.co.jp/en/support/download/,2026-06-09,A,Series-level catalogue row. Model codes may cover multiple variants; do not treat them as interchangeable.
8A-12-7-0AC0047E,"VUBV-168,968P",Manual Valves,1-4. Ball Valves,Ball Valves,8A 12.7,*,Low,,S,MEDIUM,Product function overlaps a pharma utility or equipment task; no blanket sterile claim.,制药公用工程、设备内部流体或邻近应用；卫生等级待确认。,,,https://www.fujikin.co.jp/en/support/download/,2026-06-09,A,Series-level catalogue row. Model codes may cover multiple variants; do not treat them as interchangeable.
CBV3-99F9A97C,Fine Ceramic Valves COSMIX™,Manual Valves,1-4. Ball Valves,Ball Valves,CBV3,150A,*,Medium,FC,MEDIUM,Product function overlaps a pharma utility or equipment task; no blanket sterile claim.,制药公用工程、设备内部流体或邻近应用；卫生等级待确认。,https://www.fujikin.co.jp/support/pdf/133_cosmix_eng.pdf,,https://www.fujikin.co.jp/en/support/download/,2026-06-09,A,Series-level catalogue row. Model codes may cover multiple variants; do not treat them as interchangeable.
FUBV-FUBVT-74DF449C,FINE series PURE Standard series,Manual Valves,1-4. Ball Valves,Ball Valves,FUBV FUBVT,12.7,Complete,Low,S,MEDIUM,Product function overlaps a pharma utility or equipment task; no blanket sterile claim.,制药公用工程、设备内部流体或邻近应用；卫生等级待确认。,https://www.fujikin.co.jp/support/pdf/fu05e_pure_standard.pdf,https://www.fujikin.co.jp/support/pdf/701-01_pure_standard_chn.pdf,https://www.fujikin.co.jp/en/support/download/,2026-06-09,A,Series-level catalogue row. Model codes may cover multiple variants; do not treat them as interchangeable.
PUBV-15-95-PUBVT-15-95-D104DD76,Panel Mount Type Ball Valves Compact & Lightweight 4.9MPa,Manual Valves,1-4. Ball Valves,Ball Valves,"PUBV-15, 95 PUBVT-15, 95",12.7 15A,Class 2,Low,S,MEDIUM,Product function overlaps a pharma utility or equipment task; no blanket sterile claim.,制药公用工程、设备内部流体或邻近应用；卫生等级待确认。,https://www.fujikin.co.jp/support/pdf/703_p_ball_eng.pdf,,https://www.fujikin.co.jp/en/support/download/,2026-06-09,A,Series-level catalogue row. Model codes may cover multiple variants; do not treat them as interchangeable.
PUBV-94-211F3F1F,Ball Valves With 4 Colored Handle Mini Ball Valves 3.92MPa,Manual Valves,1-4. Ball Valves,Ball Valves,PUBV-94,12.7,Class 2,Low,S,MEDIUM,Product function overlaps a pharma utility or equipment task; no blanket sterile claim.,制药公用工程、设备内部流体或邻近应用；卫生等级待确认。,https://www.fujikin.co.jp/support/pdf/704_p_mini_ball_eng.pdf,,https://www.fujikin.co.jp/en/support/download/,2026-06-09,A,Series-level catalogue row. Model codes may cover multiple variants; do not treat them as interchangeable.
UBV-DBV-CF3DEB1A,Compact Type Ball Valves,Manual Valves,1-4. Ball Valves,Ball Valves,UBV DBV,50A,*,Medium,S、C,MEDIUM,Product function overlaps a pharma utility or equipment task; no blanket sterile claim.,制药公用工程、设备内部流体或邻近应用；卫生等级待确认。,,,https://www.fujikin.co.jp/en/support/download/,2026-06-09,A,Series-level catalogue row. Model codes may cover multiple variants; do not treat them as interchangeable.
UBV-21-JIS10R-ALX-D1FA3516,"Flange, Butt Weld Type JIS10K Ball Valves",Manual Valves,1-4. Ball Valves,Ball Valves,UBV-21-JIS10R-ALX,100A,Complete,High,S,MEDIUM,Product function overlaps a pharma utility or equipment task; no blanket sterile claim.,制药公用工程、设备内部流体或邻近应用；卫生等级待确认。,,,https://www.fujikin.co.jp/en/support/download/,2026-06-09,A,Series-level catalogue row. Model codes may cover multiple variants; do not treat them as interchangeable.
VUBV-VUBVS-120-920PP-VUBV-VUBVS-020P-VUBVS-320P-VUBVT-9-E85A816A,"V-Series Ball Valves VUBV, VUBVS Series",Manual Valves,1-4. Ball Valves,Ball Valves,"VUBV, VUBVS-120, 920PP VUBV, VUBVS-020P VUBVS-320P VUBVT-920P VUBVS-120, 920P",15A 19.05,*,Low,S,MEDIUM,Product function overlaps a pharma utility or equipment task; no blanket sterile claim.,制药公用工程、设备内部流体或邻近应用；卫生等级待确认。,https://www.fujikin.co.jp/support/pdf/newve_new-v-collection_06.pdf,,https://www.fujikin.co.jp/en/support/download/,2026-06-09,A,Series-level catalogue row. Model codes may cover multiple variants; do not treat them as interchangeable.
VUBV-115-VUBV-915-D5E1D695,V-Series 3 Piece Ball Valves 15.1MPa VUBV Series,Manual Valves,1-4. Ball Valves,Ball Valves,VUBV-115 VUBV-915,25A 25.4,*,Medium,S,MEDIUM,Product function overlaps a pharma utility or equipment task; no blanket sterile claim.,制药公用工程、设备内部流体或邻近应用；卫生等级待确认。,https://www.fujikin.co.jp/support/pdf/newve_new-v-collection_05.pdf,,https://www.fujikin.co.jp/en/support/download/,2026-06-09,A,Series-level catalogue row. Model codes may cover multiple variants; do not treat them as interchangeable.
VUBV-141P-9F34B97C,V-Series Trunnion Ball Valves VUBV Series,Manual Valves,1-4. Ball Valves,Ball Valves,VUBV-141P,8A,*,Low,S,MEDIUM,Product function overlaps a pharma utility or equipment task; no blanket sterile claim.,制药公用工程、设备内部流体或邻近应用；卫生等级待确认。,https://www.fujikin.co.jp/support/pdf/newve_new-v-collection_07.pdf,,https://www.fujikin.co.jp/en/support/download/,2026-06-09,A,Series-level catalogue row. Model codes may cover multiple variants; do not treat them as interchangeable.
BNWM-BNWC-66C6E5BE,BNW SERIES WEIR DIAPHRAGM VALVES,Manual Valves,1-5. Diaphragm Valves,Weir Diaphragm Valves,BNWM BNWC,50A,Class 1,Medium,S,HIGH,Official diaphragm/life-science catalogue family or hygienic filling/pinch family.,卫生流体、制药设备、CIP/SIP或灌装；必须按具体型号核对。,https://www.fujikin.co.jp/support/pdf/sdv1e_diaphragm_01.pdf,,https://www.fujikin.co.jp/en/support/download/,2026-06-09,A,Series-level catalogue row. Model codes may cover multiple variants; do not treat them as interchangeable.
BSW-F5AFD21C,BNW SERIES WEIRLESS DIAPHRAGM VALVES,Manual Valves,1-5. Diaphragm Valves,Weir Diaphragm Valves,BSW,50A,Class 1,High,S,HIGH,Official diaphragm/life-science catalogue family or hygienic filling/pinch family.,卫生流体、制药设备、CIP/SIP或灌装；必须按具体型号核对。,https://www.fujikin.co.jp/support/pdf/sdv1e_diaphragm_02.pdf,,https://www.fujikin.co.jp/en/support/download/,2026-06-09,A,Series-level catalogue row. Model codes may cover multiple variants; do not treat them as interchangeable.
LPSM-LPSL-88A88889,LPS SERIES WEIRLESS DIAPHRAGM LPS VALVES,Manual Valves,1-5. Diaphragm Valves,Weir Diaphragm Valves,LPSM LPSL,40A,Class 1,High,S,HIGH,Official diaphragm/life-science catalogue family or hygienic filling/pinch family.,卫生流体、制药设备、CIP/SIP或灌装；必须按具体型号核对。,https://www.fujikin.co.jp/support/pdf/sdv1e_diaphragm_03.pdf,,https://www.fujikin.co.jp/en/support/download/,2026-06-09,A,Series-level catalogue row. Model codes may cover multiple variants; do not treat them as interchangeable.
BPV-HIN-9B49F6A4,BNW SERIES SOLUTION PINCH VALVE SYSTEMS (BPV SERIES),Manual Valves,1-6.Pinch Valves,Pinch Valves,BPV-HIN,1 in.,*,-,-,HIGH,Official diaphragm/life-science catalogue family or hygienic filling/pinch family.,卫生流体、制药设备、CIP/SIP或灌装；必须按具体型号核对。,https://www.fujikin.co.jp/support/pdf/sdv1e_diaphragm_05.pdf,,https://www.fujikin.co.jp/en/support/download/,2026-06-09,A,Series-level catalogue row. Model codes may cover multiple variants; do not treat them as interchangeable.
APR-PUBF-2ED29DC6,Stainless Steel Bellows Valves 1MPa Type,Automatic Valves,2-1. Globe Valves,Bellows Valves,APR-PUBF,12.7,Class 1,Low,S,LOW,"Current official catalogue row, but no direct pharma positioning in the index.",可能用于通用设备或公用工程；不能据此推断制药适用。,,,https://www.fujikin.co.jp/en/support/download/,2026-06-09,A,Series-level catalogue row. Model codes may cover multiple variants; do not treat them as interchangeable.
FPR-862DCDEF,FINE series PURE Bellows ・ Metal Diaphragm series,Automatic Valves,2-1. Globe Valves,Bellows Valves,FPR,12.7,Complete,Low,S,LOW,"Current official catalogue row, but no direct pharma positioning in the index.",可能用于通用设备或公用工程；不能据此推断制药适用。,https://www.fujikin.co.jp/support/pdf/710-01_pure_bellows_eng.pdf,https://www.fujikin.co.jp/support/pdf/710-01_pure_bellows_chn.pdf,https://www.fujikin.co.jp/en/support/download/,2026-06-09,A,Series-level catalogue row. Model codes may cover multiple variants; do not treat them as interchangeable.
FPR-PA-FPR-HT-0B085CD4,"FINE series PURE High Temperature Valve Series ""Kiwami""",Automatic Valves,2-1. Globe Valves,Bellows Valves,FPR-PA FPR-HT,12.7,Complete,Low,S,LOW,"Current official catalogue row, but no direct pharma positioning in the index.",可能用于通用设备或公用工程；不能据此推断制药适用。,https://www.fujikin.co.jp/support/pdf/700-05_high_tem_eng.pdf,https://www.fujikin.co.jp/support/pdf/700-05_high_tem_chn.pdf,https://www.fujikin.co.jp/en/support/download/,2026-06-09,A,Series-level catalogue row. Model codes may cover multiple variants; do not treat them as interchangeable.
FPR-ND-5A1EA9DE,FINE series PURE NEW MEGA Series,Automatic Valves,2-1. Globe Valves,Metal Diaphragm Valves,FPR-ND,12.7,Complete,Low,S,LOW,"Current official catalogue row, but no direct pharma positioning in the index.",可能用于通用设备或公用工程；不能据此推断制药适用。,https://www.fujikin.co.jp/support/pdf/megae_new_mega.pdf,https://www.fujikin.co.jp/support/pdf/megac_new_mega.pdf,https://www.fujikin.co.jp/en/support/download/,2026-06-09,A,Series-level catalogue row. Model codes may cover multiple variants; do not treat them as interchangeable.
FPR-NDF-FPR-UDF-42027ECB,"FINE series PURE High Flow Valve series ""Kiwami""",Automatic Valves,2-1. Globe Valves,Metal Diaphragm Valves,FPR-NDF FPR-UDF,12.7,Complete,Low,S,LOW,"Current official catalogue row, but no direct pharma positioning in the index.",可能用于通用设备或公用工程；不能据此推断制药适用。,https://www.fujikin.co.jp/support/pdf/fufde_high_flow.pdf,https://www.fujikin.co.jp/support/pdf/700-04_high_flow_chnk.pdf,https://www.fujikin.co.jp/en/support/download/,2026-06-09,A,Series-level catalogue row. Model codes may cover multiple variants; do not treat them as interchangeable.
FPR-NHD-FSR-SD-19EC4263,"FINE series PURE High Durability Valve Series ""Kiwami""",Automatic Valves,2-1. Globe Valves,Metal Diaphragm Valves,FPR-NHD FSR-SD,12.7,Complete,Low,S,LOW,"Current official catalogue row, but no direct pharma positioning in the index.",可能用于通用设备或公用工程；不能据此推断制药适用。,https://www.fujikin.co.jp/support/pdf/700-03_high_e_eng.pdf,https://www.fujikin.co.jp/support/pdf/700-03_high_e_chn.pdf,https://www.fujikin.co.jp/en/support/download/,2026-06-09,A,Series-level catalogue row. Model codes may cover multiple variants; do not treat them as interchangeable.
FPR-NSD-71SS2-2A68F33E,FINE series PURE Adjustable Dual Flow Valves,Automatic Valves,2-1. Globe Valves,Metal Diaphragm Valves,FPR-NSD-71SS2,6.35,Complete,Low,S,LOW,"Current official catalogue row, but no direct pharma positioning in the index.",可能用于通用设备或公用工程；不能据此推断制药适用。,https://www.fujikin.co.jp/support/pdf/710-02_pure_2dan_eng.pdf,,https://www.fujikin.co.jp/en/support/download/,2026-06-09,A,Series-level catalogue row. Model codes may cover multiple variants; do not treat them as interchangeable.
FWB-R-71-724C7B60,"FINE series PURE High temperature Valve series ""Kiwami""",Automatic Valves,2-1. Globe Valves,Metal Diaphragm Valves,FWB(R)-71,9.52,Complete,Low,S,LOW,"Current official catalogue row, but no direct pharma positioning in the index.",可能用于通用设备或公用工程；不能据此推断制药适用。,https://www.fujikin.co.jp/support/pdf/700-05_high_tem_eng.pdf,https://www.fujikin.co.jp/support/pdf/700-05_high_tem_chn.pdf,https://www.fujikin.co.jp/en/support/download/,2026-06-09,A,Series-level catalogue row. Model codes may cover multiple variants; do not treat them as interchangeable.
FWBR-C72E3A7D,"FINE series PURE High Temperature Valve series ""Kiwami""",Automatic Valves,2-1. Globe Valves,Metal Diaphragm Valves (All Metal),FWBR,12.7,Complete,Low,S,LOW,"Current official catalogue row, but no direct pharma positioning in the index.",可能用于通用设备或公用工程；不能据此推断制药适用。,https://www.fujikin.co.jp/support/pdf/700-05_high_tem_eng.pdf,https://www.fujikin.co.jp/support/pdf/700-05_high_tem_chn.pdf,https://www.fujikin.co.jp/en/support/download/,2026-06-09,A,Series-level catalogue row. Model codes may cover multiple variants; do not treat them as interchangeable.
C1-C3-C67BF803,PRETRONIC® AR2000,Automatic Valves,2-1. Globe Valves,Needle Valves,C1 C3,25A 12.7,Class 2,Low,S,LOW,"Current official catalogue row, but no direct pharma positioning in the index.",可能用于通用设备或公用工程；不能据此推断制药适用。,https://www.fujikin.co.jp/support/pdf/135_ar2000_eng.pdf,,https://www.fujikin.co.jp/en/support/download/,2026-06-09,A,Series-level catalogue row. Model codes may cover multiple variants; do not treat them as interchangeable.
E32GM3R4-7100-40C363D8,Valves & Fittings for Ultra High-Pressure Hydrogen Gas,Automatic Valves,2-1. Globe Valves,Needle Valves,E32GM3R4-7100,9.52,*,Low,S,LOW,"Current official catalogue row, but no direct pharma positioning in the index.",可能用于通用设备或公用工程；不能据此推断制药适用。,https://www.fujikin.co.jp/support/pdf/hyd1e_hyd.pdf,,https://www.fujikin.co.jp/en/support/download/,2026-06-09,A,Series-level catalogue row. Model codes may cover multiple variants; do not treat them as interchangeable.
E32M3R4-7100-FF2050A2,Valves & Fittings for Ultra High-Pressure Hydrogen Gas,Automatic Valves,2-1. Globe Valves,Needle Valves,E32M3R4-7100,14.2,*,Low,S,LOW,"Current official catalogue row, but no direct pharma positioning in the index.",可能用于通用设备或公用工程；不能据此推断制药适用。,https://www.fujikin.co.jp/support/pdf/hyd1e_hyd.pdf,,https://www.fujikin.co.jp/en/support/download/,2026-06-09,A,Series-level catalogue row. Model codes may cover multiple variants; do not treat them as interchangeable.
M2-M3-FEA975F3,Diaphragm Type Mini Control Valves MINUCON,Automatic Valves,2-1. Globe Valves,Needle Valves,M2 M3,25A 12.7,Class 2,Low,S,MEDIUM,Product function overlaps a pharma utility or equipment task; no blanket sterile claim.,制药公用工程、设备内部流体或邻近应用；卫生等级待确认。,https://www.fujikin.co.jp/support/pdf/minue_minucon.pdf,,https://www.fujikin.co.jp/en/support/download/,2026-06-09,A,Series-level catalogue row. Model codes may cover multiple variants; do not treat them as interchangeable.
S1-E864C3F7,Electric Valves Pretronic® SR100M,Automatic Valves,2-1. Globe Valves,Needle Valves,S1,10A,*,Low,S,LOW,"Current official catalogue row, but no direct pharma positioning in the index.",可能用于通用设备或公用工程；不能据此推断制药适用。,,,https://www.fujikin.co.jp/en/support/download/,2026-06-09,A,Series-level catalogue row. Model codes may cover multiple variants; do not treat them as interchangeable.
S2-S3-C710600E,PRETRONIC® SR100,Automatic Valves,2-1. Globe Valves,Needle Valves,S2 S3,25A 12.7,Class 2,Low,S,LOW,"Current official catalogue row, but no direct pharma positioning in the index.",可能用于通用设备或公用工程；不能据此推断制药适用。,https://www.fujikin.co.jp/support/pdf/136_sr100_eng.pdf,,https://www.fujikin.co.jp/en/support/download/,2026-06-09,A,Series-level catalogue row. Model codes may cover multiple variants; do not treat them as interchangeable.
S5-ABAEA1F6,Electric Valves Pretronic® SR100E High Performance & Small Control Valves,Automatic Valves,2-1. Globe Valves,Needle Valves,S5,15A,Class 2,Low,S,LOW,"Current official catalogue row, but no direct pharma positioning in the index.",可能用于通用设备或公用工程；不能据此推断制药适用。,,,https://www.fujikin.co.jp/en/support/download/,2026-06-09,A,Series-level catalogue row. Model codes may cover multiple variants; do not treat them as interchangeable.
APR-GUH-7100-1BD56CD2,Valves & Fittings for Ultra High-Pressure Hydrogen Gas,Automatic Valves,2-1. Globe Valves,Stop Valves,APR-GUH-7100,9.52,*,Low,S,LOW,"Current official catalogue row, but no direct pharma positioning in the index.",可能用于通用设备或公用工程；不能据此推断制药适用。,https://www.fujikin.co.jp/support/pdf/hyd1e_hyd.pdf,,https://www.fujikin.co.jp/en/support/download/,2026-06-09,A,Series-level catalogue row. Model codes may cover multiple variants; do not treat them as interchangeable.
APR-GUH-7100M-6F3A99AF,Valves & Fittings for Ultra High-Pressure Hydrogen Gas,Automatic Valves,2-1. Globe Valves,Stop Valves,APR-GUH-7100M,9.52,*,Low,S,LOW,"Current official catalogue row, but no direct pharma positioning in the index.",可能用于通用设备或公用工程；不能据此推断制药适用。,https://www.fujikin.co.jp/support/pdf/hyd1e_hyd.pdf,,https://www.fujikin.co.jp/en/support/download/,2026-06-09,A,Series-level catalogue row. Model codes may cover multiple variants; do not treat them as interchangeable.
M3R4-8100-7CCC518C,Valves & Fittings for Ultra High-Pressure Hydrogen Gas 99.9MPa Isolation Valves (Compact Type),Automatic Valves,2-1. Globe Valves,Stop Valves,M3R4-8100,14.2,*,Low,S,LOW,"Current official catalogue row, but no direct pharma positioning in the index.",可能用于通用设备或公用工程；不能据此推断制药适用。,https://www.fujikin.co.jp/support/pdf/hyd1e_hyd.pdf,,https://www.fujikin.co.jp/en/support/download/,2026-06-09,A,Series-level catalogue row. Model codes may cover multiple variants; do not treat them as interchangeable.
BYCFO-BYCFU-BF751B4A,BY SERIES ANGLE SEAT VALVES,Automatic Valves,2-2. Y Type Valves,ANGLE SEAT VALVES,BYCFO BYCFU,50A,*,High,S,HIGH,Official diaphragm/life-science catalogue family or hygienic filling/pinch family.,卫生流体、制药设备、CIP/SIP或灌装；必须按具体型号核对。,https://www.fujikin.co.jp/support/pdf/sdv1e_diaphragm_04.pdf,,https://www.fujikin.co.jp/en/support/download/,2026-06-09,A,Series-level catalogue row. Model codes may cover multiple variants; do not treat them as interchangeable.
C1-C3-ACE55872,PRETRONIC® AR2000,Automatic Valves,2-3. Angle Valves,Needle Valves,C1 C3,25A 12.7,Class 2,Low,S,LOW,"Current official catalogue row, but no direct pharma positioning in the index.",可能用于通用设备或公用工程；不能据此推断制药适用。,https://www.fujikin.co.jp/support/pdf/135_ar2000_eng.pdf,,https://www.fujikin.co.jp/en/support/download/,2026-06-09,A,Series-level catalogue row. Model codes may cover multiple variants; do not treat them as interchangeable.
M2-M3-D64FEC55,Diaphragm Type Mini Control Valves MINUCON,Automatic Valves,2-3. Angle Valves,Needle Valves,M2 M3,25A 12.7,Class 2,Low,S,MEDIUM,Product function overlaps a pharma utility or equipment task; no blanket sterile claim.,制药公用工程、设备内部流体或邻近应用；卫生等级待确认。,https://www.fujikin.co.jp/support/pdf/minue_minucon.pdf,,https://www.fujikin.co.jp/en/support/download/,2026-06-09,A,Series-level catalogue row. Model codes may cover multiple variants; do not treat them as interchangeable.
S2-S3-98D5ADB7,PRETRONIC® SR100,Automatic Valves,2-3. Angle Valves,Needle Valves,S2 S3,25A 12.7,Class 2,Low,S,LOW,"Current official catalogue row, but no direct pharma positioning in the index.",可能用于通用设备或公用工程；不能据此推断制药适用。,https://www.fujikin.co.jp/support/pdf/136_sr100_eng.pdf,,https://www.fujikin.co.jp/en/support/download/,2026-06-09,A,Series-level catalogue row. Model codes may cover multiple variants; do not treat them as interchangeable.
AFMO-01-ECC01838,Ball valves [Automatic (pneumatic/electric)] 3.92/0.98MPa [AFMO-40R，AFMO-01，DM-UBV],Automatic Valves,2-4. Ball Valves,Ball Valves,AFMO-01,25A,*,Medium,S,MEDIUM,Product function overlaps a pharma utility or equipment task; no blanket sterile claim.,制药公用工程、设备内部流体或邻近应用；卫生等级待确认。,,,https://www.fujikin.co.jp/en/support/download/,2026-06-09,A,Series-level catalogue row. Model codes may cover multiple variants; do not treat them as interchangeable.
AFMO-40R-5AA833E0,Ball valves [Automatic (pneumatic/electric)] 3.92/0.98MPa [AFMO-40R，AFMO-01，DM-UBV],Automatic Valves,2-4. Ball Valves,Ball Valves,AFMO-40R,50A,*,Medium,S,MEDIUM,Product function overlaps a pharma utility or equipment task; no blanket sterile claim.,制药公用工程、设备内部流体或邻近应用；卫生等级待确认。,,,https://www.fujikin.co.jp/en/support/download/,2026-06-09,A,Series-level catalogue row. Model codes may cover multiple variants; do not treat them as interchangeable.
APR-VUBV-F42F1943,V-Series 3 Piece Ball Valves 15.1MPa VUBV Series,Automatic Valves,2-4. Ball Valves,Ball Valves,APR-VUBV,25A 25.4,*,Medium,S,MEDIUM,Product function overlaps a pharma utility or equipment task; no blanket sterile claim.,制药公用工程、设备内部流体或邻近应用；卫生等级待确认。,https://www.fujikin.co.jp/support/pdf/newve_new-v-collection_05.pdf,,https://www.fujikin.co.jp/en/support/download/,2026-06-09,A,Series-level catalogue row. Model codes may cover multiple variants; do not treat them as interchangeable.
APR-VUBV-VUBVS-120-920P-APDM-VUBV-VUBVS-120-920P-6D0BD733,"V-Series Ball Valves VUBV, VUBVS Series",Automatic Valves,2-4. Ball Valves,Ball Valves,"APR-VUBV,VUBVS-120,920P APDM-VUBV,VUBVS-120,920P",20A 19.05,*,Medium,S,MEDIUM,Product function overlaps a pharma utility or equipment task; no blanket sterile claim.,制药公用工程、设备内部流体或邻近应用；卫生等级待确认。,https://www.fujikin.co.jp/support/pdf/newve_new-v-collection_06.pdf,,https://www.fujikin.co.jp/en/support/download/,2026-06-09,A,Series-level catalogue row. Model codes may cover multiple variants; do not treat them as interchangeable.
CBV3-CC5A55B4,Fine Ceramic Valves COSMIX™,Automatic Valves,2-4. Ball Valves,Ball Valves,CBV3,150A,*,Medium,FC,MEDIUM,Product function overlaps a pharma utility or equipment task; no blanket sterile claim.,制药公用工程、设备内部流体或邻近应用；卫生等级待确认。,https://www.fujikin.co.jp/support/pdf/133_cosmix_eng.pdf,,https://www.fujikin.co.jp/en/support/download/,2026-06-09,A,Series-level catalogue row. Model codes may cover multiple variants; do not treat them as interchangeable.
DM-UBV-AE1FA62A,Compact Electric Ball Valves (3.92MPa) AFCON・DM-UBV Series,Automatic Valves,2-4. Ball Valves,Ball Valves,DM-UBV,20A,*,Medium,S,MEDIUM,Product function overlaps a pharma utility or equipment task; no blanket sterile claim.,制药公用工程、设备内部流体或邻近应用；卫生等级待确认。,,,https://www.fujikin.co.jp/en/support/download/,2026-06-09,A,Series-level catalogue row. Model codes may cover multiple variants; do not treat them as interchangeable.
UBV-21-JIS10R-ALX-585B05C3,"Flange, Butt Weld TypeJIS10K Ball Valves",Automatic Valves,2-4. Ball Valves,Ball Valves,UBV-21-JIS10R-ALX,100A,Complete,High,S,MEDIUM,Product function overlaps a pharma utility or equipment task; no blanket sterile claim.,制药公用工程、设备内部流体或邻近应用；卫生等级待确认。,,,https://www.fujikin.co.jp/en/support/download/,2026-06-09,A,Series-level catalogue row. Model codes may cover multiple variants; do not treat them as interchangeable.
CP-B366732D,Fine Ceramic Valves COSMIX™,Automatic Valves,2-5. Gate Valves,Gate Valves,CP,40A,*,Medium,FC,LOW,"Current official catalogue row, but no direct pharma positioning in the index.",可能用于通用设备或公用工程；不能据此推断制药适用。,https://www.fujikin.co.jp/support/pdf/133_cosmix_eng.pdf,,https://www.fujikin.co.jp/en/support/download/,2026-06-09,A,Series-level catalogue row. Model codes may cover multiple variants; do not treat them as interchangeable.
SVLCDC-244EFA5B,SVLCD VALVES Small volume filling valve,Automatic Valves,2-6. Diaphragm Valves,Small volume filling valves,SVLCDC,6A,Class 1,Low,S,HIGH,Official diaphragm/life-science catalogue family or hygienic filling/pinch family.,卫生流体、制药设备、CIP/SIP或灌装；必须按具体型号核对。,https://www.fujikin.co.jp/support/pdf/lcd1e_svlcd.pdf,,https://www.fujikin.co.jp/en/support/download/,2026-06-09,A,Series-level catalogue row. Model codes may cover multiple variants; do not treat them as interchangeable.
BNWC-2F0E12E0,BNW SERIES WEIR DIAPHRAGM VALVES,Automatic Valves,2-6. Diaphragm Valves,Weir Diaphragm Valves,BNWC,50A,Class 1,Medium,S,HIGH,Official diaphragm/life-science catalogue family or hygienic filling/pinch family.,卫生流体、制药设备、CIP/SIP或灌装；必须按具体型号核对。,https://www.fujikin.co.jp/support/pdf/sdv1e_diaphragm_01.pdf,,https://www.fujikin.co.jp/en/support/download/,2026-06-09,A,Series-level catalogue row. Model codes may cover multiple variants; do not treat them as interchangeable.
BSWCN-AD5BAF95,BNW SERIES WEIRLESS DIAPHRAGM VALVES,Automatic Valves,2-6. Diaphragm Valves,Weirless Diaphragm Valves,BSWCN,50A,Class 1,High,S,HIGH,Official diaphragm/life-science catalogue family or hygienic filling/pinch family.,卫生流体、制药设备、CIP/SIP或灌装；必须按具体型号核对。,https://www.fujikin.co.jp/support/pdf/sdv1e_diaphragm_02.pdf,,https://www.fujikin.co.jp/en/support/download/,2026-06-09,A,Series-level catalogue row. Model codes may cover multiple variants; do not treat them as interchangeable.
LPS-5E67B882,LPS SERIES WEIRLESS DIAPHRAGM LPS VALVES,Automatic Valves,2-6. Diaphragm Valves,Weirless Diaphragm Valves,LPS,40A,Class 1,High,S,HIGH,Official diaphragm/life-science catalogue family or hygienic filling/pinch family.,卫生流体、制药设备、CIP/SIP或灌装；必须按具体型号核对。,https://www.fujikin.co.jp/support/pdf/sdv1e_diaphragm_03.pdf,,https://www.fujikin.co.jp/en/support/download/,2026-06-09,A,Series-level catalogue row. Model codes may cover multiple variants; do not treat them as interchangeable.
FUCL-089E8ECB,FINE series PURE Standard series,Other Valves,3-1. Self-Actuating,Check Valves,FUCL,12.7 15A,Complete,Low,S,MEDIUM,Product function overlaps a pharma utility or equipment task; no blanket sterile claim.,制药公用工程、设备内部流体或邻近应用；卫生等级待确认。,https://www.fujikin.co.jp/support/pdf/fu05e_pure_standard.pdf,https://www.fujikin.co.jp/support/pdf/701-01_pure_standard_chn.pdf,https://www.fujikin.co.jp/en/support/download/,2026-06-09,A,Series-level catalogue row. Model codes may cover multiple variants; do not treat them as interchangeable.
PUCL-1CB43017,Stainless Steel Line Check Valves 22MPa Type,Other Valves,3-1. Self-Actuating,Check Valves,PUCL,12.7,Class 2,Low,S,MEDIUM,Product function overlaps a pharma utility or equipment task; no blanket sterile claim.,制药公用工程、设备内部流体或邻近应用；卫生等级待确认。,https://www.fujikin.co.jp/support/pdf/newve_new-v-collection_19.pdf,,https://www.fujikin.co.jp/en/support/download/,2026-06-09,A,Series-level catalogue row. Model codes may cover multiple variants; do not treat them as interchangeable.
UCL-7100-18526106,Valves & Fittings for Ultra High-Pressure Hydrogen Gas,Other Valves,3-1. Self-Actuating,Check Valves,UCL-7100,14.2,*,Low,S,MEDIUM,Product function overlaps a pharma utility or equipment task; no blanket sterile claim.,制药公用工程、设备内部流体或邻近应用；卫生等级待确认。,https://www.fujikin.co.jp/support/pdf/hyd1e_hyd.pdf,,https://www.fujikin.co.jp/en/support/download/,2026-06-09,A,Series-level catalogue row. Model codes may cover multiple variants; do not treat them as interchangeable.
VURF-041L-A0FBCCEA,V-Series Relief Valves VURF Series,Other Valves,3-1. Self-Actuating,Relief Valves,VURF-041L,12.7,*,Low,S,LOW,Current official catalogue row without a direct pharma-use signal.,,https://www.fujikin.co.jp/support/pdf/newve_new-v-collection_18.pdf,,https://www.fujikin.co.jp/en/support/download/,2026-06-09,A,Series-level catalogue row. Model codes may cover multiple variants; do not treat them as interchangeable.
PDW-6B6AF5A0,POWERFULLOK Tube Connectors Brass,Fittings,4-1. Double Compression Ring Type,Brass,PDW,12.7,*,,C,LOW,"Current official catalogue row, but no direct pharma positioning in the index.",可能用于通用设备或公用工程；不能据此推断制药适用。,https://www.fujikin.co.jp/support/pdf/newve_new-v-collection_02.pdf,,https://www.fujikin.co.jp/en/support/download/,2026-06-09,A,Series-level catalogue row. Model codes may cover multiple variants; do not treat them as interchangeable.
F900-5473313A,FINE series PURE F900 Tube Fitting Series FINELOK・PURE,Fittings,4-1. Double Compression Ring Type,Stainless Steel,F900,25A 25.4,Complete,,S,MEDIUM,Product function overlaps a pharma utility or equipment task; no blanket sterile claim.,制药公用工程、设备内部流体或邻近应用；卫生等级待确认。,https://www.fujikin.co.jp/support/pdf/702-01_pure_f900_eng.pdf,https://www.fujikin.co.jp/support/pdf/702-01_pure_f900_chn.pdf,https://www.fujikin.co.jp/en/support/download/,2026-06-09,A,Series-level catalogue row. Model codes may cover multiple variants; do not treat them as interchangeable.
LF900-B2B76351,FINE series PURE LF900 Tube Fitting Series FINELOK・PURE (For Liquid),Fittings,4-1. Double Compression Ring Type,Stainless Steel,LF900,15A 12.7,Complete,,S,MEDIUM,Product function overlaps a pharma utility or equipment task; no blanket sterile claim.,制药公用工程、设备内部流体或邻近应用；卫生等级待确认。,,,https://www.fujikin.co.jp/en/support/download/,2026-06-09,A,Series-level catalogue row. Model codes may cover multiple variants; do not treat them as interchangeable.
PUW-C0414221,POWERFULLOK Tube Fittings SUS316,Fittings,4-1. Double Compression Ring Type,Stainless Steel,PUW,25A 25.4,*,,S,MEDIUM,Product function overlaps a pharma utility or equipment task; no blanket sterile claim.,制药公用工程、设备内部流体或邻近应用；卫生等级待确认。,https://www.fujikin.co.jp/support/pdf/721_powerfullok_sus_eng.pdf,,https://www.fujikin.co.jp/en/support/download/,2026-06-09,A,Series-level catalogue row. Model codes may cover multiple variants; do not treat them as interchangeable.
VUW-42955F30,V-Lok Tube Connectors,Fittings,4-1. Double Compression Ring Type,Stainless Steel,VUW,25A 25.4,*,,S,LOW,"Current official catalogue row, but no direct pharma positioning in the index.",可能用于通用设备或公用工程；不能据此推断制药适用。,https://www.fujikin.co.jp/support/pdf/newve_new-v-collection_01.pdf,,https://www.fujikin.co.jp/en/support/download/,2026-06-09,A,Series-level catalogue row. Model codes may cover multiple variants; do not treat them as interchangeable.
RH-0F3C82DB,Ring Joints & Miniature Valves,Fittings,4-2. Ring Type,Brass,RH,15A 12.7,*,,C,LOW,"Current official catalogue row, but no direct pharma positioning in the index.",可能用于通用设备或公用工程；不能据此推断制药适用。,,,https://www.fujikin.co.jp/en/support/download/,2026-06-09,A,Series-level catalogue row. Model codes may cover multiple variants; do not treat them as interchangeable.
UJR-28559EEE,FINE series PURE UJR Fittings・Auto Weld series,Fittings,4-3. Union Gasket Type,Stainless Steel,UJR,19.05,Complete,,S,MEDIUM,Product function overlaps a pharma utility or equipment task; no blanket sterile claim.,制药公用工程、设备内部流体或邻近应用；卫生等级待确认。,https://www.fujikin.co.jp/support/pdf/720-01_pure_ujr_eng.pdf,https://www.fujikin.co.jp/support/pdf/ujr1c_pure_ujr.pdf,https://www.fujikin.co.jp/en/support/download/,2026-06-09,A,Series-level catalogue row. Model codes may cover multiple variants; do not treat them as interchangeable.
UPG-A9B37E7E,FINE series PURE UPG Fittings series,Fittings,4-3. Union Gasket Type,Stainless Steel,UPG,12.7,Complete,,S,LOW,"Current official catalogue row, but no direct pharma positioning in the index.",可能用于通用设备或公用工程；不能据此推断制药适用。,https://www.fujikin.co.jp/support/pdf/upg1e_pure_upg.pdf,https://www.fujikin.co.jp/support/pdf/729-01_pure_upg_chn.pdf,https://www.fujikin.co.jp/en/support/download/,2026-06-09,A,Series-level catalogue row. Model codes may cover multiple variants; do not treat them as interchangeable.
UJL-UJT-B170D197,FINE series PURE UJR Fittings・Auto Weld series,Fittings,4-4. Welding Type,Stainless Steel,UJL UJT,12.7,Complete,,S,MEDIUM,Product function overlaps a pharma utility or equipment task; no blanket sterile claim.,制药公用工程、设备内部流体或邻近应用；卫生等级待确认。,https://www.fujikin.co.jp/support/pdf/720-01_pure_ujr_eng.pdf,https://www.fujikin.co.jp/support/pdf/720-01_pure_ujr_chn.pdf,https://www.fujikin.co.jp/en/support/download/,2026-06-09,A,Series-level catalogue row. Model codes may cover multiple variants; do not treat them as interchangeable.
UJUN-UJU-189E9912,"Valves & Fittings for Ultra High-Pressure Hydrogen Gas Less Than 50MPa, More Than 99.9MPa",Fittings,4-5. Cone & Thread Type,Stainless Steel,UJUN UJU,14.2,*,,S,LOW,"Current official catalogue row, but no direct pharma positioning in the index.",可能用于通用设备或公用工程；不能据此推断制药适用。,https://www.fujikin.co.jp/support/pdf/hyd1e_hyd.pdf,,https://www.fujikin.co.jp/en/support/download/,2026-06-09,A,Series-level catalogue row. Model codes may cover multiple variants; do not treat them as interchangeable.
UJB-A6BC7490,V-Series,Fittings,4-6. Variable Type,Bushings,UJB,25A,*,,S,LOW,"Current official catalogue row, but no direct pharma positioning in the index.",可能用于通用设备或公用工程；不能据此推断制药适用。,https://www.fujikin.co.jp/support/pdf/newve_new-v-collection_01.pdf,,https://www.fujikin.co.jp/en/support/download/,2026-06-09,A,Series-level catalogue row. Model codes may cover multiple variants; do not treat them as interchangeable.
UJN-DDB3B6D5,V-Series,Fittings,4-6. Variable Type,Nipples,UJN,15A,*,,S,LOW,"Current official catalogue row, but no direct pharma positioning in the index.",可能用于通用设备或公用工程；不能据此推断制药适用。,https://www.fujikin.co.jp/support/pdf/newve_new-v-collection_01.pdf,,https://www.fujikin.co.jp/en/support/download/,2026-06-09,A,Series-level catalogue row. Model codes may cover multiple variants; do not treat them as interchangeable.
UJP-79E754F6,V-Series,Fittings,4-6. Variable Type,Plug,UJP,25A,*,,S,LOW,"Current official catalogue row, but no direct pharma positioning in the index.",可能用于通用设备或公用工程；不能据此推断制药适用。,https://www.fujikin.co.jp/support/pdf/newve_new-v-collection_01.pdf,,https://www.fujikin.co.jp/en/support/download/,2026-06-09,A,Series-level catalogue row. Model codes may cover multiple variants; do not treat them as interchangeable.
UJS-FA6A7EC7,V-Series,Fittings,4-6. Variable Type,Sockets,UJS,15A,*,,S,LOW,"Current official catalogue row, but no direct pharma positioning in the index.",可能用于通用设备或公用工程；不能据此推断制药适用。,https://www.fujikin.co.jp/support/pdf/newve_new-v-collection_01.pdf,,https://www.fujikin.co.jp/en/support/download/,2026-06-09,A,Series-level catalogue row. Model codes may cover multiple variants; do not treat them as interchangeable.
PROVIDER-POWER-UNIT-7F834DE8,PROVIDER POWER UNIT,Systems,5-1. Various Equipment,Compressors/Pumps,,,,,,LOW,Current official catalogue row without a direct pharma-use signal.,,,,https://www.fujikin.co.jp/en/support/download/,2026-06-09,A,Series-level catalogue row. Model codes may cover multiple variants; do not treat them as interchangeable.
FCSP7000-FCSP8000-882FFB98,FINE series PURE FCS® Pressure Series,Systems,5-1. Various Equipment,Flow Control Systems FCS® Pressure Series,FCSP7000 FCSP8000,,Complete,Low,S,MEDIUM,Product function overlaps a pharma utility or equipment task; no blanket sterile claim.,精密气体流量控制；制药发酵适配和中国案例待验证。,https://www.fujikin.co.jp/support/pdf/fcspe_pure_fcs.pdf,https://www.fujikin.co.jp/support/pdf/fcspc_pure_fcs.pdf,https://www.fujikin.co.jp/en/support/download/,2026-06-09,A,Series-level catalogue row. Model codes may cover multiple variants; do not treat them as interchangeable.
FINE-SERIES-PURE-IGS-INTEGRATED-GAS-SYSTEM-3D87FB3B,FINE series PURE IGS Integrated Gas System,Systems,5-1. Various Equipment,Integrated Gas System (IGS),,,Complete,Low,S,LOW,Current official catalogue row without a direct pharma-use signal.,,https://www.fujikin.co.jp/support/pdf/732-01_pure_igs_eng.pdf,https://www.fujikin.co.jp/support/pdf/igs1c_pure_igs.pdf,https://www.fujikin.co.jp/en/support/download/,2026-06-09,A,Series-level catalogue row. Model codes may cover multiple variants; do not treat them as interchangeable.
FCST1000-FCST2000-BE84B2C5,Flow Control System FCS® Thermal Series,Systems,5-1. Various Equipment,Mass Flow Controller FCS® Thermal Series,FCST1000 FCST2000,,Complete,Low,S,MEDIUM,Product function overlaps a pharma utility or equipment task; no blanket sterile claim.,精密气体流量控制；制药发酵适配和中国案例待验证。,https://www.fujikin.co.jp/support/pdf/fcste_fcs_thermal.pdf,https://www.fujikin.co.jp/support/pdf/fcstc_fcs_thermal.pdf,https://www.fujikin.co.jp/en/support/download/,2026-06-09,A,Series-level catalogue row. Model codes may cover multiple variants; do not treat them as interchangeable.
FUJITEPLER-SEALING-TAPE-AUTOMATIC-WRAPPING-MACHINE-84342C22,Fujitepler Sealing Tape Automatic Wrapping Machine,Systems,5-1. Various Equipment,Sealing Tape Automatic Wrapping Machine,,,,,,LOW,Current official catalogue row without a direct pharma-use signal.,,,,https://www.fujikin.co.jp/en/support/download/,2026-06-09,A,Series-level catalogue row. Model codes may cover multiple variants; do not treat them as interchangeable.
STATIC-MIXERS-KONGOUKUN-BUNSANKUN-B8180544,Static Mixers Kongoukun・Bunsankun,Systems,5-1. Various Equipment,Static Mixers,,,,,,MEDIUM,Product function overlaps a pharma utility or equipment task; no blanket sterile claim.,制药公用工程、设备内部流体或邻近应用；卫生等级待确认。,https://www.fujikin.co.jp/support/pdf/817-01_mixer_eng.pdf,,https://www.fujikin.co.jp/en/support/download/,2026-06-09,A,Series-level catalogue row. Model codes may cover multiple variants; do not treat them as interchangeable.
FINE-SERIES-PURE-WVG-WATER-VAPOR-GENERATOR-D993DC14,FINE series PURE WVG® Water Vapor Generator,Systems,5-1. Various Equipment,Water Vapor Generator,,6.35,Complete,,,LOW,Current official catalogue row without a direct pharma-use signal.,,https://www.fujikin.co.jp/support/pdf/731-01_pure_wvg_eng.pdf,,https://www.fujikin.co.jp/en/support/download/,2026-06-09,A,Series-level catalogue row. Model codes may cover multiple variants; do not treat them as interchangeable.
FUFL-FUFT-841083A9,FINE series PURE Standard series,Other,6-1. Filters,Filters,FUFL FUFT,15A,Complete,Low,S,MEDIUM,Product function overlaps a pharma utility or equipment task; no blanket sterile claim.,制药公用工程、设备内部流体或邻近应用；卫生等级待确认。,https://www.fujikin.co.jp/support/pdf/fu05e_pure_standard.pdf,https://www.fujikin.co.jp/support/pdf/701-01_pure_standard_chn.pdf,https://www.fujikin.co.jp/en/support/download/,2026-06-09,A,Series-level catalogue row. Model codes may cover multiple variants; do not treat them as interchangeable.
UFL-7100-473CC265,Valves & Fittings for Ultra High-Pressure Hydrogen Gas,Other,6-1. Filters,Filters,UFL-7100,15A,*,,S,MEDIUM,Product function overlaps a pharma utility or equipment task; no blanket sterile claim.,制药公用工程、设备内部流体或邻近应用；卫生等级待确认。,https://www.fujikin.co.jp/support/pdf/hyd1e_hyd.pdf,,https://www.fujikin.co.jp/en/support/download/,2026-06-09,A,Series-level catalogue row. Model codes may cover multiple variants; do not treat them as interchangeable.
LIQUID-LEAK-DETECTOR-FINE-BUBBLE-E9625CF6,Liquid Leak Detector FINE BUBBLE,Other,6-2. Liquid Leak Detector (FINE BUBBLE),Liquid Leak Detector (FINE BUBBLE),,,,,,LOW,Current official catalogue row without a direct pharma-use signal.,,,,https://www.fujikin.co.jp/en/support/download/,2026-06-09,A,Series-level catalogue row. Model codes may cover multiple variants; do not treat them as interchangeable.
FUJIKIN-PRODUCT-DIGEST-CATALOGUE-OF-CATALOGUE-ECFF9E47,FUJIKIN PRODUCT DIGEST Catalogue of catalogue,Other,6-2. Liquid Leak Detector (FINE BUBBLE),Product Digest,,,,,,LOW,Current official catalogue row without a direct pharma-use signal.,,https://www.fujikin.co.jp/support/pdf/100-01_catalog_of_catalog_eng.pdf,,https://www.fujikin.co.jp/en/support/download/,2026-06-09,A,Series-level catalogue row. Model codes may cover multiple variants; do not treat them as interchangeable.
