evidence_id,company,record_id,topic,fact_status,summary,source_type,source_title,source_url,accessed_date,evidence_grade,supports_conclusion,notes
FUJIKIN-SERIES-FUBFL-FUB-FUBFN-8D68C619,Fujikin,FUBFL-FUB-FUBFN-8D68C619,Manual Valves / 1-1. Globe Valves,FACT,The current official catalogue index lists FINE series PURE Bellows・Metal Diaphragm series with model code(s) FUBFL FUB FUBFN.,官方产品目录,FINE series PURE Bellows・Metal Diaphragm series,https://www.fujikin.co.jp/support/pdf/710-01_pure_bellows_eng.pdf,2026-06-09,A,Fujikin current series catalogue; pharma relevance LOW.,Series-level catalogue row. Model codes may cover multiple variants; do not treat them as interchangeable.
FUJIKIN-SERIES-PUBF-PUBFL-F198E743,Fujikin,PUBF-PUBFL-F198E743,Manual Valves / 1-1. Globe Valves,FACT,The current official catalogue index lists Stainless Steel Bellows Valves 1MPa Type with model code(s) PUBF PUBFL.,官方产品目录,Stainless Steel Bellows Valves 1MPa Type,https://www.fujikin.co.jp/en/support/download/,2026-06-09,A,Fujikin current series catalogue; pharma relevance LOW.,Series-level catalogue row. Model codes may cover multiple variants; do not treat them as interchangeable.
FUJIKIN-SERIES-VUBF-VUBFD-VUBFH-VUBFN-56F94298,Fujikin,VUBF-VUBFD-VUBFH-VUBFN-56F94298,Manual Valves / 1-1. Globe Valves,FACT,"The current official catalogue index lists V-Series Bellows Valves 6.89MPa, 4.82MPa with model code(s) VUBF VUBFD VUBFH VUBFN.",官方产品目录,"V-Series Bellows Valves 6.89MPa, 4.82MPa",https://www.fujikin.co.jp/support/pdf/newve_new-v-collection_16.pdf,2026-06-09,A,Fujikin current series catalogue; pharma relevance LOW.,Series-level catalogue row. Model codes may cover multiple variants; do not treat them as interchangeable.
FUJIKIN-SERIES-VUTW-VUT-VUHGB-25EFB794,Fujikin,VUTW-VUT-VUHGB-25EFB794,Manual Valves / 1-1. Globe Valves,FACT,"The current official catalogue index lists V-Series Instrument Manifold/Gauge Valves 41.3MPa VUTW, VUT, VUHGB Series with model code(s) VUTW VUT VUHGB.",官方产品目录,"V-Series Instrument Manifold/Gauge Valves 41.3MPa VUTW, VUT, VUHGB Series",https://www.fujikin.co.jp/support/pdf/newve_new-v-collection_15.pdf,2026-06-09,A,Fujikin current series catalogue; pharma relevance LOW.,Series-level catalogue row. Model codes may cover multiple variants; do not treat them as interchangeable.
FUJIKIN-SERIES-FUBD-31981576,Fujikin,FUBD-31981576,Manual Valves / 1-1. Globe Valves,FACT,"The current official catalogue index lists FINE series PURE High Flow Valve series ""Kiwami"" with model code(s) FUBD.",官方产品目录,"FINE series PURE High Flow Valve series ""Kiwami""",https://www.fujikin.co.jp/support/pdf/fufde_high_flow.pdf,2026-06-09,A,Fujikin current series catalogue; pharma relevance LOW.,Series-level catalogue row. Model codes may cover multiple variants; do not treat them as interchangeable.
FUJIKIN-SERIES-FUDF-E4CD59C7,Fujikin,FUDF-E4CD59C7,Manual Valves / 1-1. Globe Valves,FACT,The current official catalogue index lists FINE series PURE Bellows・Metal Diaphragm series with model code(s) FUDF.,官方产品目录,FINE series PURE Bellows・Metal Diaphragm series,https://www.fujikin.co.jp/support/pdf/710-01_pure_bellows_eng.pdf,2026-06-09,A,Fujikin current series catalogue; pharma relevance LOW.,Series-level catalogue row. Model codes may cover multiple variants; do not treat them as interchangeable.
FUJIKIN-SERIES-FUNDL-FUND-A5443E89,Fujikin,FUNDL-FUND-A5443E89,Manual Valves / 1-1. Globe Valves,FACT,The current official catalogue index lists FINE series PURE NEW MEGA® Series with model code(s) FUNDL FUND.,官方产品目录,FINE series PURE NEW MEGA® Series,https://www.fujikin.co.jp/support/pdf/megae_new_mega.pdf,2026-06-09,A,Fujikin current series catalogue; pharma relevance LOW.,Series-level catalogue row. Model codes may cover multiple variants; do not treat them as interchangeable.
FUJIKIN-SERIES-DH-12-DUE-12-BH-21-F98A6FE3,Fujikin,DH-12-DUE-12-BH-21-F98A6FE3,Manual Valves / 1-1. Globe Valves,FACT,The current official catalogue index lists Brass／Bronze Needle Valves with model code(s) DH-12 DUE-12 BH-21.,官方产品目录,Brass／Bronze Needle Valves,https://www.fujikin.co.jp/en/support/download/,2026-06-09,A,Fujikin current series catalogue; pharma relevance LOW.,Series-level catalogue row. Model codes may cover multiple variants; do not treat them as interchangeable.
FUJIKIN-SERIES-DS-11-13117966,Fujikin,DS-11-13117966,Manual Valves / 1-1. Globe Valves,FACT,The current official catalogue index lists Brass／Bronze Needle Valves with model code(s) DS-11.,官方产品目录,Brass／Bronze Needle Valves,https://www.fujikin.co.jp/en/support/download/,2026-06-09,A,Fujikin current series catalogue; pharma relevance LOW.,Series-level catalogue row. Model codes may cover multiple variants; do not treat them as interchangeable.
FUJIKIN-SERIES-DS-11-13955136,Fujikin,DS-11-13955136,Manual Valves / 1-1. Globe Valves,FACT,The current official catalogue index lists Female Threaded Needle Stop Valves Economy Type with model code(s) DS-11.,官方产品目录,Female Threaded Needle Stop Valves Economy Type,https://www.fujikin.co.jp/en/support/download/,2026-06-09,A,Fujikin current series catalogue; pharma relevance LOW.,Series-level catalogue row. Model codes may cover multiple variants; do not treat them as interchangeable.
FUJIKIN-SERIES-FH-UT-7371F90F,Fujikin,FH-UT-7371F90F,Manual Valves / 1-1. Globe Valves,FACT,The current official catalogue index lists Super Double Bite Fittings (Abbreviation: SUW) & Process Instrumentation Products SUPER W-BITE FITTING with model code(s) FH-UT.,官方产品目录,Super Double Bite Fittings (Abbreviation: SUW) & Process Instrumentation Products SUPER W-BITE FITTING,https://www.fujikin.co.jp/en/support/download/,2026-06-09,A,Fujikin current series catalogue; pharma relevance LOW.,Series-level catalogue row. Model codes may cover multiple variants; do not treat them as interchangeable.
FUJIKIN-SERIES-FUN-FUE-FUH-46ADB9F8,Fujikin,FUN-FUE-FUH-46ADB9F8,Manual Valves / 1-1. Globe Valves,FACT,The current official catalogue index lists FINE series PURE Standard series with model code(s) FUN FUE FUH.,官方产品目录,FINE series PURE Standard series,https://www.fujikin.co.jp/support/pdf/fu05e_pure_standard.pdf,2026-06-09,A,Fujikin current series catalogue; pharma relevance LOW.,Series-level catalogue row. Model codes may cover multiple variants; do not treat them as interchangeable.
FUJIKIN-SERIES-PDS-PDWVP-433F234E,Fujikin,PDS-PDWVP-433F234E,Manual Valves / 1-1. Globe Valves,FACT,The current official catalogue index lists Brass Needle Stop Valves Bulkhead Type with model code(s) PDS PDWVP.,官方产品目录,Brass Needle Stop Valves Bulkhead Type,https://www.fujikin.co.jp/support/pdf/newve_new-v-collection_14.pdf,2026-06-09,A,Fujikin current series catalogue; pharma relevance LOW.,Series-level catalogue row. Model codes may cover multiple variants; do not treat them as interchangeable.
FUJIKIN-SERIES-PUH-134-CA967EA3,Fujikin,PUH-134-CA967EA3,Manual Valves / 1-1. Globe Valves,FACT,The current official catalogue index lists Stainless Steel Bonnetless Type Stop Valves 34MPa Type with model code(s) PUH-134.,官方产品目录,Stainless Steel Bonnetless Type Stop Valves 34MPa Type,https://www.fujikin.co.jp/en/support/download/,2026-06-09,A,Fujikin current series catalogue; pharma relevance LOW.,Series-level catalogue row. Model codes may cover multiple variants; do not treat them as interchangeable.
FUJIKIN-SERIES-PUH-916-F21D708C,Fujikin,PUH-916-F21D708C,Manual Valves / 1-1. Globe Valves,FACT,The current official catalogue index lists SUS316 Female Threaded Needle Stop Valves with model code(s) PUH-916.,官方产品目录,SUS316 Female Threaded Needle Stop Valves,https://www.fujikin.co.jp/support/pdf/702_p_needle_stop_eng.pdf,2026-06-09,A,Fujikin current series catalogue; pharma relevance LOW.,Series-level catalogue row. Model codes may cover multiple variants; do not treat them as interchangeable.
FUJIKIN-SERIES-PUN-UN-DUN-8CF4A2FF,Fujikin,PUN-UN-DUN-8CF4A2FF,Manual Valves / 1-1. Globe Valves,FACT,The current official catalogue index lists Minute Flow Control Valves Cv 0.004 Type with model code(s) PUN UN DUN.,官方产品目录,Minute Flow Control Valves Cv 0.004 Type,https://www.fujikin.co.jp/en/support/download/,2026-06-09,A,Fujikin current series catalogue; pharma relevance LOW.,Series-level catalogue row. Model codes may cover multiple variants; do not treat them as interchangeable.
FUJIKIN-SERIES-PUS-142-909C5E78,Fujikin,PUS-142-909C5E78,Manual Valves / 1-1. Globe Valves,FACT,The current official catalogue index lists Stainless Steel Male Threaded Stop Valves 42MPa Type with model code(s) PUS-142.,官方产品目录,Stainless Steel Male Threaded Stop Valves 42MPa Type,https://www.fujikin.co.jp/en/support/download/,2026-06-09,A,Fujikin current series catalogue; pharma relevance LOW.,Series-level catalogue row. Model codes may cover multiple variants; do not treat them as interchangeable.
FUJIKIN-SERIES-PUS-916-78AA66E1,Fujikin,PUS-916-78AA66E1,Manual Valves / 1-1. Globe Valves,FACT,The current official catalogue index lists SUS316 Female Threaded Needle Stop Valves with model code(s) PUS-916.,官方产品目录,SUS316 Female Threaded Needle Stop Valves,https://www.fujikin.co.jp/en/support/download/,2026-06-09,A,Fujikin current series catalogue; pharma relevance LOW.,Series-level catalogue row. Model codes may cover multiple variants; do not treat them as interchangeable.
FUJIKIN-SERIES-RV-6-96A69CEB,Fujikin,RV-6-96A69CEB,Manual Valves / 1-1. Globe Valves,FACT,The current official catalogue index lists Ring Joints & Miniature Valves with model code(s) RV-6.,官方产品目录,Ring Joints & Miniature Valves,https://www.fujikin.co.jp/en/support/download/,2026-06-09,A,Fujikin current series catalogue; pharma relevance LOW.,Series-level catalogue row. Model codes may cover multiple variants; do not treat them as interchangeable.
FUJIKIN-SERIES-UH-11500HP-D5D384B3,Fujikin,UH-11500HP-D5D384B3,Manual Valves / 1-1. Globe Valves,FACT,The current official catalogue index lists Male Threaded Panel Mount Shape Disc & Needle Stop Valves Clean Couplings with model code(s) UH-11500HP.,官方产品目录,Male Threaded Panel Mount Shape Disc & Needle Stop Valves Clean Couplings,https://www.fujikin.co.jp/en/support/download/,2026-06-09,A,Fujikin current series catalogue; pharma relevance LOW.,Series-level catalogue row. Model codes may cover multiple variants; do not treat them as interchangeable.
FUJIKIN-SERIES-UH-14-UN-116-UE-19-6B3635E9,Fujikin,UH-14-UN-116-UE-19-6B3635E9,Manual Valves / 1-1. Globe Valves,FACT,The current official catalogue index lists Stainless Steel Needle Valves Average／Small／Minute Adjustments with model code(s) UH-14 UN-116 UE-19.,官方产品目录,Stainless Steel Needle Valves Average／Small／Minute Adjustments,https://www.fujikin.co.jp/en/support/download/,2026-06-09,A,Fujikin current series catalogue; pharma relevance LOW.,Series-level catalogue row. Model codes may cover multiple variants; do not treat them as interchangeable.
FUJIKIN-SERIES-UH-7100L-3C146776,Fujikin,UH-7100L-3C146776,Manual Valves / 1-1. Globe Valves,FACT,The current official catalogue index lists Valves & Fittings for Ultra High-Pressure Hydrogen Gas with model code(s) UH-7100L.,官方产品目录,Valves & Fittings for Ultra High-Pressure Hydrogen Gas,https://www.fujikin.co.jp/support/pdf/hyd1e_hyd.pdf,2026-06-09,A,Fujikin current series catalogue; pharma relevance LOW.,Series-level catalogue row. Model codes may cover multiple variants; do not treat them as interchangeable.
FUJIKIN-SERIES-UN-115-UN-130-UN-150-953E87EE,Fujikin,UN-115-UN-130-UN-150-953E87EE,Manual Valves / 1-1. Globe Valves,FACT,The current official catalogue index lists MINUCON Diaphragm Type Mini Control Valves with model code(s) UN-115 UN-130 UN-150.,官方产品目录,MINUCON Diaphragm Type Mini Control Valves,https://www.fujikin.co.jp/support/pdf/minue_minucon.pdf,2026-06-09,A,Fujikin current series catalogue; pharma relevance MEDIUM.,Series-level catalogue row. Model codes may cover multiple variants; do not treat them as interchangeable.
FUJIKIN-SERIES-UN-14M-B0DBE74B,Fujikin,UN-14M-B0DBE74B,Manual Valves / 1-1. Globe Valves,FACT,"The current official catalogue index lists Stainless Steel Needle Valves, Average／Small／Minute Adjustments UN-14M with model code(s) UN-14M.",官方产品目录,"Stainless Steel Needle Valves, Average／Small／Minute Adjustments UN-14M",https://www.fujikin.co.jp/en/support/download/,2026-06-09,A,Fujikin current series catalogue; pharma relevance LOW.,Series-level catalogue row. Model codes may cover multiple variants; do not treat them as interchangeable.
FUJIKIN-SERIES-US-127P-0A0BF600,Fujikin,US-127P-0A0BF600,Manual Valves / 1-1. Globe Valves,FACT,The current official catalogue index lists Needle Stop Valves US-valves Manben Kun 26.5MPa Stainless Steel with model code(s) US-127P.,官方产品目录,Needle Stop Valves US-valves Manben Kun 26.5MPa Stainless Steel,https://www.fujikin.co.jp/support/pdf/115_new_us-valves_eng.pdf,2026-06-09,A,Fujikin current series catalogue; pharma relevance LOW.,Series-level catalogue row. Model codes may cover multiple variants; do not treat them as interchangeable.
FUJIKIN-SERIES-US-13P-4D94B86C,Fujikin,US-13P-4D94B86C,Manual Valves / 1-1. Globe Valves,FACT,The current official catalogue index lists Stainless Steel Needle Valves Average／Small／Minute Adjustments with model code(s) US-13P.,官方产品目录,Stainless Steel Needle Valves Average／Small／Minute Adjustments,https://www.fujikin.co.jp/en/support/download/,2026-06-09,A,Fujikin current series catalogue; pharma relevance LOW.,Series-level catalogue row. Model codes may cover multiple variants; do not treat them as interchangeable.
FUJIKIN-SERIES-VUH-941P-D4FDC336,Fujikin,VUH-941P-D4FDC336,Manual Valves / 1-1. Globe Valves,FACT,The current official catalogue index lists V-Series Union-Bonnet Needle Valves VUH Series with model code(s) VUH-941P.,官方产品目录,V-Series Union-Bonnet Needle Valves VUH Series,https://www.fujikin.co.jp/support/pdf/newve_new-v-collection_13.pdf,2026-06-09,A,Fujikin current series catalogue; pharma relevance LOW.,Series-level catalogue row. Model codes may cover multiple variants; do not treat them as interchangeable.
FUJIKIN-SERIES-FUD-0737D1B7,Fujikin,FUD-0737D1B7,Manual Valves / 1-1. Globe Valves,FACT,The current official catalogue index lists FINE series PURE Standard series with model code(s) FUD.,官方产品目录,FINE series PURE Standard series,https://www.fujikin.co.jp/support/pdf/fu05e_pure_standard.pdf,2026-06-09,A,Fujikin current series catalogue; pharma relevance LOW.,Series-level catalogue row. Model codes may cover multiple variants; do not treat them as interchangeable.
FUJIKIN-SERIES-PUD-134-2F96308C,Fujikin,PUD-134-2F96308C,Manual Valves / 1-1. Globe Valves,FACT,The current official catalogue index lists Stainless Steel Bonnetless Type Stop Valves 34MPa Type with model code(s) PUD-134.,官方产品目录,Stainless Steel Bonnetless Type Stop Valves 34MPa Type,https://www.fujikin.co.jp/en/support/download/,2026-06-09,A,Fujikin current series catalogue; pharma relevance LOW.,Series-level catalogue row. Model codes may cover multiple variants; do not treat them as interchangeable.
FUJIKIN-SERIES-UD-11500HP-6BCADA6D,Fujikin,UD-11500HP-6BCADA6D,Manual Valves / 1-1. Globe Valves,FACT,The current official catalogue index lists Male Threaded Panel Mount Shape Disc & Needle Stop Valves Clean Couplings with model code(s) UD-11500HP.,官方产品目录,Male Threaded Panel Mount Shape Disc & Needle Stop Valves Clean Couplings,https://www.fujikin.co.jp/en/support/download/,2026-06-09,A,Fujikin current series catalogue; pharma relevance LOW.,Series-level catalogue row. Model codes may cover multiple variants; do not treat them as interchangeable.
FUJIKIN-SERIES-VUK-11-CC34AE85,Fujikin,VUK-11-CC34AE85,Manual Valves / 1-1. Globe Valves,FACT,The current official catalogue index lists Toggle Valves with model code(s) VUK-11.,官方产品目录,Toggle Valves,https://www.fujikin.co.jp/support/pdf/newve_new-v-collection_17.pdf,2026-06-09,A,Fujikin current series catalogue; pharma relevance LOW.,Series-level catalogue row. Model codes may cover multiple variants; do not treat them as interchangeable.
FUJIKIN-SERIES-VUK-91P-5BA55FB5,Fujikin,VUK-91P-5BA55FB5,Manual Valves / 1-1. Globe Valves,FACT,The current official catalogue index lists V-Series Toggle Valves VUK Series with model code(s) VUK-91P.,官方产品目录,V-Series Toggle Valves VUK Series,https://www.fujikin.co.jp/support/pdf/newve_new-v-collection_17.pdf,2026-06-09,A,Fujikin current series catalogue; pharma relevance LOW.,Series-level catalogue row. Model codes may cover multiple variants; do not treat them as interchangeable.
FUJIKIN-SERIES-DH-32-DUE-32-BH-31-4546EB5B,Fujikin,DH-32-DUE-32-BH-31-4546EB5B,Manual Valves / 1-2. Angle Valves,FACT,The current official catalogue index lists Brass／Bronze Needle Valves with model code(s) DH-32 DUE-32 BH-31.,官方产品目录,Brass／Bronze Needle Valves,https://www.fujikin.co.jp/en/support/download/,2026-06-09,A,Fujikin current series catalogue; pharma relevance LOW.,Series-level catalogue row. Model codes may cover multiple variants; do not treat them as interchangeable.
FUJIKIN-SERIES-DS-31-BC316D8B,Fujikin,DS-31-BC316D8B,Manual Valves / 1-2. Angle Valves,FACT,The current official catalogue index lists Brass／Bronze Needle Valves with model code(s) DS-31.,官方产品目录,Brass／Bronze Needle Valves,https://www.fujikin.co.jp/en/support/download/,2026-06-09,A,Fujikin current series catalogue; pharma relevance LOW.,Series-level catalogue row. Model codes may cover multiple variants; do not treat them as interchangeable.
FUJIKIN-SERIES-FUN-35-FUE-35-FUH-35-3486B101,Fujikin,FUN-35-FUE-35-FUH-35-3486B101,Manual Valves / 1-2. Angle Valves,FACT,The current official catalogue index lists FINE series PURE Standard series with model code(s) FUN-35 FUE-35 FUH-35.,官方产品目录,FINE series PURE Standard series,https://www.fujikin.co.jp/support/pdf/fu05e_pure_standard.pdf,2026-06-09,A,Fujikin current series catalogue; pharma relevance LOW.,Series-level catalogue row. Model codes may cover multiple variants; do not treat them as interchangeable.
FUJIKIN-SERIES-PUH-016-A648DCC4,Fujikin,PUH-016-A648DCC4,Manual Valves / 1-2. Angle Valves,FACT,The current official catalogue index lists SUS316 Female Threaded Needle Stop Valves with model code(s) PUH-016.,官方产品目录,SUS316 Female Threaded Needle Stop Valves,https://www.fujikin.co.jp/support/pdf/newve_new-v-collection_10.pdf,2026-06-09,A,Fujikin current series catalogue; pharma relevance LOW.,Series-level catalogue row. Model codes may cover multiple variants; do not treat them as interchangeable.
FUJIKIN-SERIES-PUN-UN-DUN-574C0E9B,Fujikin,PUN-UN-DUN-574C0E9B,Manual Valves / 1-2. Angle Valves,FACT,The current official catalogue index lists Minute Flow Control Valves Cv 0.004 Type with model code(s) PUN UN DUN.,官方产品目录,Minute Flow Control Valves Cv 0.004 Type,https://www.fujikin.co.jp/en/support/download/,2026-06-09,A,Fujikin current series catalogue; pharma relevance LOW.,Series-level catalogue row. Model codes may cover multiple variants; do not treat them as interchangeable.
FUJIKIN-SERIES-PUS-016-26400A90,Fujikin,PUS-016-26400A90,Manual Valves / 1-2. Angle Valves,FACT,The current official catalogue index lists SUS316 Female Threaded Needle Stop Valves with model code(s) PUS-016.,官方产品目录,SUS316 Female Threaded Needle Stop Valves,https://www.fujikin.co.jp/en/support/download/,2026-06-09,A,Fujikin current series catalogue; pharma relevance LOW.,Series-level catalogue row. Model codes may cover multiple variants; do not treat them as interchangeable.
FUJIKIN-SERIES-RA-6-D14A8B11,Fujikin,RA-6-D14A8B11,Manual Valves / 1-2. Angle Valves,FACT,The current official catalogue index lists Ring Joints & Miniature Valves with model code(s) RA-6.,官方产品目录,Ring Joints & Miniature Valves,https://www.fujikin.co.jp/en/support/download/,2026-06-09,A,Fujikin current series catalogue; pharma relevance LOW.,Series-level catalogue row. Model codes may cover multiple variants; do not treat them as interchangeable.
FUJIKIN-SERIES-UH-31500HP-D81A88DC,Fujikin,UH-31500HP-D81A88DC,Manual Valves / 1-2. Angle Valves,FACT,The current official catalogue index lists Male Threaded Panel Mount Shape Disc & Needle Stop Valves Clean Couplings with model code(s) UH-31500HP.,官方产品目录,Male Threaded Panel Mount Shape Disc & Needle Stop Valves Clean Couplings,https://www.fujikin.co.jp/en/support/download/,2026-06-09,A,Fujikin current series catalogue; pharma relevance LOW.,Series-level catalogue row. Model codes may cover multiple variants; do not treat them as interchangeable.
FUJIKIN-SERIES-UH-33-DH-31-FE868CCD,Fujikin,UH-33-DH-31-FE868CCD,Manual Valves / 1-2. Angle Valves,FACT,The current official catalogue index lists Female Threaded Needle Stop Valves Economy Type with model code(s) UH-33 DH-31.,官方产品目录,Female Threaded Needle Stop Valves Economy Type,https://www.fujikin.co.jp/en/support/download/,2026-06-09,A,Fujikin current series catalogue; pharma relevance LOW.,Series-level catalogue row. Model codes may cover multiple variants; do not treat them as interchangeable.
FUJIKIN-SERIES-UN-04M-B1ECA1BA,Fujikin,UN-04M-B1ECA1BA,Manual Valves / 1-2. Angle Valves,FACT,The current official catalogue index lists Stainless Steel Needle Valves Average／Small／Minute Adjustments with model code(s) UN-04M.,官方产品目录,Stainless Steel Needle Valves Average／Small／Minute Adjustments,https://www.fujikin.co.jp/en/support/download/,2026-06-09,A,Fujikin current series catalogue; pharma relevance LOW.,Series-level catalogue row. Model codes may cover multiple variants; do not treat them as interchangeable.
FUJIKIN-SERIES-UN-34M-FC2894BA,Fujikin,UN-34M-FC2894BA,Manual Valves / 1-2. Angle Valves,FACT,The current official catalogue index lists Stainless Steel Needle Valves Average／Small／Minute Adjustments with model code(s) UN-34M.,官方产品目录,Stainless Steel Needle Valves Average／Small／Minute Adjustments,https://www.fujikin.co.jp/en/support/download/,2026-06-09,A,Fujikin current series catalogue; pharma relevance LOW.,Series-level catalogue row. Model codes may cover multiple variants; do not treat them as interchangeable.
FUJIKIN-SERIES-US-327P-EB912110,Fujikin,US-327P-EB912110,Manual Valves / 1-2. Angle Valves,FACT,The current official catalogue index lists Needle Stop Valves US-valves Manben Kun 26.5MPa Stainless Steel with model code(s) US-327P.,官方产品目录,Needle Stop Valves US-valves Manben Kun 26.5MPa Stainless Steel,https://www.fujikin.co.jp/support/pdf/115_new_us-valves_eng.pdf,2026-06-09,A,Fujikin current series catalogue; pharma relevance LOW.,Series-level catalogue row. Model codes may cover multiple variants; do not treat them as interchangeable.
FUJIKIN-SERIES-US-33P-56DBCAB3,Fujikin,US-33P-56DBCAB3,Manual Valves / 1-2. Angle Valves,FACT,The current official catalogue index lists Stainless Steel Needle Valves Average／Small／Minute Adjustments with model code(s) US-33P.,官方产品目录,Stainless Steel Needle Valves Average／Small／Minute Adjustments,https://www.fujikin.co.jp/en/support/download/,2026-06-09,A,Fujikin current series catalogue; pharma relevance LOW.,Series-level catalogue row. Model codes may cover multiple variants; do not treat them as interchangeable.
FUJIKIN-SERIES-FUD-35-722A3331,Fujikin,FUD-35-722A3331,Manual Valves / 1-2. Angle Valves,FACT,The current official catalogue index lists FINE series PURE Standard series with model code(s) FUD-35.,官方产品目录,FINE series PURE Standard series,https://www.fujikin.co.jp/support/pdf/fu05e_pure_standard.pdf,2026-06-09,A,Fujikin current series catalogue; pharma relevance LOW.,Series-level catalogue row. Model codes may cover multiple variants; do not treat them as interchangeable.
FUJIKIN-SERIES-UD-31500HP-4A1B4AEA,Fujikin,UD-31500HP-4A1B4AEA,Manual Valves / 1-2. Angle Valves,FACT,The current official catalogue index lists Male Threaded Panel Mount Shape Disc & Needle Stop Valves Clean Couplings with model code(s) UD-31500HP.,官方产品目录,Male Threaded Panel Mount Shape Disc & Needle Stop Valves Clean Couplings,https://www.fujikin.co.jp/en/support/download/,2026-06-09,A,Fujikin current series catalogue; pharma relevance LOW.,Series-level catalogue row. Model codes may cover multiple variants; do not treat them as interchangeable.
FUJIKIN-SERIES-UK-31-3E5F15CC,Fujikin,UK-31-3E5F15CC,Manual Valves / 1-2. Angle Valves,FACT,The current official catalogue index lists Toggle Valves with model code(s) UK-31.,官方产品目录,Toggle Valves,https://www.fujikin.co.jp/en/support/download/,2026-06-09,A,Fujikin current series catalogue; pharma relevance LOW.,Series-level catalogue row. Model codes may cover multiple variants; do not treat them as interchangeable.
FUJIKIN-SERIES-VUP-920-2B93BF6E,Fujikin,VUP-920-2B93BF6E,Manual Valves / 1-3. Plug Valves,FACT,The current official catalogue index lists V-Series Plug Valves VUP Series with model code(s) VUP-920.,官方产品目录,V-Series Plug Valves VUP Series,https://www.fujikin.co.jp/support/pdf/newve_new-v-collection_08.pdf,2026-06-09,A,Fujikin current series catalogue; pharma relevance LOW.,Series-level catalogue row. Model codes may cover multiple variants; do not treat them as interchangeable.
FUJIKIN-SERIES-8A-12-7-0AC0047E,Fujikin,8A-12-7-0AC0047E,Manual Valves / 1-4. Ball Valves,FACT,"The current official catalogue index lists VUBV-168,968P with model code(s) 8A 12.7.",官方产品目录,"VUBV-168,968P",https://www.fujikin.co.jp/en/support/download/,2026-06-09,A,Fujikin current series catalogue; pharma relevance MEDIUM.,Series-level catalogue row. Model codes may cover multiple variants; do not treat them as interchangeable.
FUJIKIN-SERIES-CBV3-99F9A97C,Fujikin,CBV3-99F9A97C,Manual Valves / 1-4. Ball Valves,FACT,The current official catalogue index lists Fine Ceramic Valves COSMIX™ with model code(s) CBV3.,官方产品目录,Fine Ceramic Valves COSMIX™,https://www.fujikin.co.jp/support/pdf/133_cosmix_eng.pdf,2026-06-09,A,Fujikin current series catalogue; pharma relevance MEDIUM.,Series-level catalogue row. Model codes may cover multiple variants; do not treat them as interchangeable.
FUJIKIN-SERIES-FUBV-FUBVT-74DF449C,Fujikin,FUBV-FUBVT-74DF449C,Manual Valves / 1-4. Ball Valves,FACT,The current official catalogue index lists FINE series PURE Standard series with model code(s) FUBV FUBVT.,官方产品目录,FINE series PURE Standard series,https://www.fujikin.co.jp/support/pdf/fu05e_pure_standard.pdf,2026-06-09,A,Fujikin current series catalogue; pharma relevance MEDIUM.,Series-level catalogue row. Model codes may cover multiple variants; do not treat them as interchangeable.
FUJIKIN-SERIES-PUBV-15-95-PUBVT-15-95-D104DD76,Fujikin,PUBV-15-95-PUBVT-15-95-D104DD76,Manual Valves / 1-4. Ball Valves,FACT,"The current official catalogue index lists Panel Mount Type Ball Valves Compact & Lightweight 4.9MPa with model code(s) PUBV-15, 95 PUBVT-15, 95.",官方产品目录,Panel Mount Type Ball Valves Compact & Lightweight 4.9MPa,https://www.fujikin.co.jp/support/pdf/703_p_ball_eng.pdf,2026-06-09,A,Fujikin current series catalogue; pharma relevance MEDIUM.,Series-level catalogue row. Model codes may cover multiple variants; do not treat them as interchangeable.
FUJIKIN-SERIES-PUBV-94-211F3F1F,Fujikin,PUBV-94-211F3F1F,Manual Valves / 1-4. Ball Valves,FACT,The current official catalogue index lists Ball Valves With 4 Colored Handle Mini Ball Valves 3.92MPa with model code(s) PUBV-94.,官方产品目录,Ball Valves With 4 Colored Handle Mini Ball Valves 3.92MPa,https://www.fujikin.co.jp/support/pdf/704_p_mini_ball_eng.pdf,2026-06-09,A,Fujikin current series catalogue; pharma relevance MEDIUM.,Series-level catalogue row. Model codes may cover multiple variants; do not treat them as interchangeable.
FUJIKIN-SERIES-UBV-DBV-CF3DEB1A,Fujikin,UBV-DBV-CF3DEB1A,Manual Valves / 1-4. Ball Valves,FACT,The current official catalogue index lists Compact Type Ball Valves with model code(s) UBV DBV.,官方产品目录,Compact Type Ball Valves,https://www.fujikin.co.jp/en/support/download/,2026-06-09,A,Fujikin current series catalogue; pharma relevance MEDIUM.,Series-level catalogue row. Model codes may cover multiple variants; do not treat them as interchangeable.
FUJIKIN-SERIES-UBV-21-JIS10R-ALX-D1FA3516,Fujikin,UBV-21-JIS10R-ALX-D1FA3516,Manual Valves / 1-4. Ball Valves,FACT,"The current official catalogue index lists Flange, Butt Weld Type JIS10K Ball Valves with model code(s) UBV-21-JIS10R-ALX.",官方产品目录,"Flange, Butt Weld Type JIS10K Ball Valves",https://www.fujikin.co.jp/en/support/download/,2026-06-09,A,Fujikin current series catalogue; pharma relevance MEDIUM.,Series-level catalogue row. Model codes may cover multiple variants; do not treat them as interchangeable.
FUJIKIN-SERIES-VUBV-VUBVS-120-920PP-VUBV-VUBVS-020P-VUBVS-320P-VUBVT-9-E85A816A,Fujikin,VUBV-VUBVS-120-920PP-VUBV-VUBVS-020P-VUBVS-320P-VUBVT-9-E85A816A,Manual Valves / 1-4. Ball Valves,FACT,"The current official catalogue index lists V-Series Ball Valves VUBV, VUBVS Series with model code(s) VUBV, VUBVS-120, 920PP VUBV, VUBVS-020P VUBVS-320P VUBVT-920P VUBVS-120, 920P.",官方产品目录,"V-Series Ball Valves VUBV, VUBVS Series",https://www.fujikin.co.jp/support/pdf/newve_new-v-collection_06.pdf,2026-06-09,A,Fujikin current series catalogue; pharma relevance MEDIUM.,Series-level catalogue row. Model codes may cover multiple variants; do not treat them as interchangeable.
FUJIKIN-SERIES-VUBV-115-VUBV-915-D5E1D695,Fujikin,VUBV-115-VUBV-915-D5E1D695,Manual Valves / 1-4. Ball Valves,FACT,The current official catalogue index lists V-Series 3 Piece Ball Valves 15.1MPa VUBV Series with model code(s) VUBV-115 VUBV-915.,官方产品目录,V-Series 3 Piece Ball Valves 15.1MPa VUBV Series,https://www.fujikin.co.jp/support/pdf/newve_new-v-collection_05.pdf,2026-06-09,A,Fujikin current series catalogue; pharma relevance MEDIUM.,Series-level catalogue row. Model codes may cover multiple variants; do not treat them as interchangeable.
FUJIKIN-SERIES-VUBV-141P-9F34B97C,Fujikin,VUBV-141P-9F34B97C,Manual Valves / 1-4. Ball Valves,FACT,The current official catalogue index lists V-Series Trunnion Ball Valves VUBV Series with model code(s) VUBV-141P.,官方产品目录,V-Series Trunnion Ball Valves VUBV Series,https://www.fujikin.co.jp/support/pdf/newve_new-v-collection_07.pdf,2026-06-09,A,Fujikin current series catalogue; pharma relevance MEDIUM.,Series-level catalogue row. Model codes may cover multiple variants; do not treat them as interchangeable.
FUJIKIN-SERIES-BNWM-BNWC-66C6E5BE,Fujikin,BNWM-BNWC-66C6E5BE,Manual Valves / 1-5. Diaphragm Valves,FACT,The current official catalogue index lists BNW SERIES WEIR DIAPHRAGM VALVES with model code(s) BNWM BNWC.,官方产品目录,BNW SERIES WEIR DIAPHRAGM VALVES,https://www.fujikin.co.jp/support/pdf/sdv1e_diaphragm_01.pdf,2026-06-09,A,Fujikin current series catalogue; pharma relevance HIGH.,Series-level catalogue row. Model codes may cover multiple variants; do not treat them as interchangeable.
FUJIKIN-SERIES-BSW-F5AFD21C,Fujikin,BSW-F5AFD21C,Manual Valves / 1-5. Diaphragm Valves,FACT,The current official catalogue index lists BNW SERIES WEIRLESS DIAPHRAGM VALVES with model code(s) BSW.,官方产品目录,BNW SERIES WEIRLESS DIAPHRAGM VALVES,https://www.fujikin.co.jp/support/pdf/sdv1e_diaphragm_02.pdf,2026-06-09,A,Fujikin current series catalogue; pharma relevance HIGH.,Series-level catalogue row. Model codes may cover multiple variants; do not treat them as interchangeable.
FUJIKIN-SERIES-LPSM-LPSL-88A88889,Fujikin,LPSM-LPSL-88A88889,Manual Valves / 1-5. Diaphragm Valves,FACT,The current official catalogue index lists LPS SERIES WEIRLESS DIAPHRAGM LPS VALVES with model code(s) LPSM LPSL.,官方产品目录,LPS SERIES WEIRLESS DIAPHRAGM LPS VALVES,https://www.fujikin.co.jp/support/pdf/sdv1e_diaphragm_03.pdf,2026-06-09,A,Fujikin current series catalogue; pharma relevance HIGH.,Series-level catalogue row. Model codes may cover multiple variants; do not treat them as interchangeable.
FUJIKIN-SERIES-BPV-HIN-9B49F6A4,Fujikin,BPV-HIN-9B49F6A4,Manual Valves / 1-6.Pinch Valves,FACT,The current official catalogue index lists BNW SERIES SOLUTION PINCH VALVE SYSTEMS (BPV SERIES) with model code(s) BPV-HIN.,官方产品目录,BNW SERIES SOLUTION PINCH VALVE SYSTEMS (BPV SERIES),https://www.fujikin.co.jp/support/pdf/sdv1e_diaphragm_05.pdf,2026-06-09,A,Fujikin current series catalogue; pharma relevance HIGH.,Series-level catalogue row. Model codes may cover multiple variants; do not treat them as interchangeable.
FUJIKIN-SERIES-APR-PUBF-2ED29DC6,Fujikin,APR-PUBF-2ED29DC6,Automatic Valves / 2-1. Globe Valves,FACT,The current official catalogue index lists Stainless Steel Bellows Valves 1MPa Type with model code(s) APR-PUBF.,官方产品目录,Stainless Steel Bellows Valves 1MPa Type,https://www.fujikin.co.jp/en/support/download/,2026-06-09,A,Fujikin current series catalogue; pharma relevance LOW.,Series-level catalogue row. Model codes may cover multiple variants; do not treat them as interchangeable.
FUJIKIN-SERIES-FPR-862DCDEF,Fujikin,FPR-862DCDEF,Automatic Valves / 2-1. Globe Valves,FACT,The current official catalogue index lists FINE series PURE Bellows ・ Metal Diaphragm series with model code(s) FPR.,官方产品目录,FINE series PURE Bellows ・ Metal Diaphragm series,https://www.fujikin.co.jp/support/pdf/710-01_pure_bellows_eng.pdf,2026-06-09,A,Fujikin current series catalogue; pharma relevance LOW.,Series-level catalogue row. Model codes may cover multiple variants; do not treat them as interchangeable.
FUJIKIN-SERIES-FPR-PA-FPR-HT-0B085CD4,Fujikin,FPR-PA-FPR-HT-0B085CD4,Automatic Valves / 2-1. Globe Valves,FACT,"The current official catalogue index lists FINE series PURE High Temperature Valve Series ""Kiwami"" with model code(s) FPR-PA FPR-HT.",官方产品目录,"FINE series PURE High Temperature Valve Series ""Kiwami""",https://www.fujikin.co.jp/support/pdf/700-05_high_tem_eng.pdf,2026-06-09,A,Fujikin current series catalogue; pharma relevance LOW.,Series-level catalogue row. Model codes may cover multiple variants; do not treat them as interchangeable.
FUJIKIN-SERIES-FPR-ND-5A1EA9DE,Fujikin,FPR-ND-5A1EA9DE,Automatic Valves / 2-1. Globe Valves,FACT,The current official catalogue index lists FINE series PURE NEW MEGA Series with model code(s) FPR-ND.,官方产品目录,FINE series PURE NEW MEGA Series,https://www.fujikin.co.jp/support/pdf/megae_new_mega.pdf,2026-06-09,A,Fujikin current series catalogue; pharma relevance LOW.,Series-level catalogue row. Model codes may cover multiple variants; do not treat them as interchangeable.
FUJIKIN-SERIES-FPR-NDF-FPR-UDF-42027ECB,Fujikin,FPR-NDF-FPR-UDF-42027ECB,Automatic Valves / 2-1. Globe Valves,FACT,"The current official catalogue index lists FINE series PURE High Flow Valve series ""Kiwami"" with model code(s) FPR-NDF FPR-UDF.",官方产品目录,"FINE series PURE High Flow Valve series ""Kiwami""",https://www.fujikin.co.jp/support/pdf/fufde_high_flow.pdf,2026-06-09,A,Fujikin current series catalogue; pharma relevance LOW.,Series-level catalogue row. Model codes may cover multiple variants; do not treat them as interchangeable.
FUJIKIN-SERIES-FPR-NHD-FSR-SD-19EC4263,Fujikin,FPR-NHD-FSR-SD-19EC4263,Automatic Valves / 2-1. Globe Valves,FACT,"The current official catalogue index lists FINE series PURE High Durability Valve Series ""Kiwami"" with model code(s) FPR-NHD FSR-SD.",官方产品目录,"FINE series PURE High Durability Valve Series ""Kiwami""",https://www.fujikin.co.jp/support/pdf/700-03_high_e_eng.pdf,2026-06-09,A,Fujikin current series catalogue; pharma relevance LOW.,Series-level catalogue row. Model codes may cover multiple variants; do not treat them as interchangeable.
FUJIKIN-SERIES-FPR-NSD-71SS2-2A68F33E,Fujikin,FPR-NSD-71SS2-2A68F33E,Automatic Valves / 2-1. Globe Valves,FACT,The current official catalogue index lists FINE series PURE Adjustable Dual Flow Valves with model code(s) FPR-NSD-71SS2.,官方产品目录,FINE series PURE Adjustable Dual Flow Valves,https://www.fujikin.co.jp/support/pdf/710-02_pure_2dan_eng.pdf,2026-06-09,A,Fujikin current series catalogue; pharma relevance LOW.,Series-level catalogue row. Model codes may cover multiple variants; do not treat them as interchangeable.
FUJIKIN-SERIES-FWB-R-71-724C7B60,Fujikin,FWB-R-71-724C7B60,Automatic Valves / 2-1. Globe Valves,FACT,"The current official catalogue index lists FINE series PURE High temperature Valve series ""Kiwami"" with model code(s) FWB(R)-71.",官方产品目录,"FINE series PURE High temperature Valve series ""Kiwami""",https://www.fujikin.co.jp/support/pdf/700-05_high_tem_eng.pdf,2026-06-09,A,Fujikin current series catalogue; pharma relevance LOW.,Series-level catalogue row. Model codes may cover multiple variants; do not treat them as interchangeable.
FUJIKIN-SERIES-FWBR-C72E3A7D,Fujikin,FWBR-C72E3A7D,Automatic Valves / 2-1. Globe Valves,FACT,"The current official catalogue index lists FINE series PURE High Temperature Valve series ""Kiwami"" with model code(s) FWBR.",官方产品目录,"FINE series PURE High Temperature Valve series ""Kiwami""",https://www.fujikin.co.jp/support/pdf/700-05_high_tem_eng.pdf,2026-06-09,A,Fujikin current series catalogue; pharma relevance LOW.,Series-level catalogue row. Model codes may cover multiple variants; do not treat them as interchangeable.
FUJIKIN-SERIES-C1-C3-C67BF803,Fujikin,C1-C3-C67BF803,Automatic Valves / 2-1. Globe Valves,FACT,The current official catalogue index lists PRETRONIC® AR2000 with model code(s) C1 C3.,官方产品目录,PRETRONIC® AR2000,https://www.fujikin.co.jp/support/pdf/135_ar2000_eng.pdf,2026-06-09,A,Fujikin current series catalogue; pharma relevance LOW.,Series-level catalogue row. Model codes may cover multiple variants; do not treat them as interchangeable.
FUJIKIN-SERIES-E32GM3R4-7100-40C363D8,Fujikin,E32GM3R4-7100-40C363D8,Automatic Valves / 2-1. Globe Valves,FACT,The current official catalogue index lists Valves & Fittings for Ultra High-Pressure Hydrogen Gas with model code(s) E32GM3R4-7100.,官方产品目录,Valves & Fittings for Ultra High-Pressure Hydrogen Gas,https://www.fujikin.co.jp/support/pdf/hyd1e_hyd.pdf,2026-06-09,A,Fujikin current series catalogue; pharma relevance LOW.,Series-level catalogue row. Model codes may cover multiple variants; do not treat them as interchangeable.
FUJIKIN-SERIES-E32M3R4-7100-FF2050A2,Fujikin,E32M3R4-7100-FF2050A2,Automatic Valves / 2-1. Globe Valves,FACT,The current official catalogue index lists Valves & Fittings for Ultra High-Pressure Hydrogen Gas with model code(s) E32M3R4-7100.,官方产品目录,Valves & Fittings for Ultra High-Pressure Hydrogen Gas,https://www.fujikin.co.jp/support/pdf/hyd1e_hyd.pdf,2026-06-09,A,Fujikin current series catalogue; pharma relevance LOW.,Series-level catalogue row. Model codes may cover multiple variants; do not treat them as interchangeable.
FUJIKIN-SERIES-M2-M3-FEA975F3,Fujikin,M2-M3-FEA975F3,Automatic Valves / 2-1. Globe Valves,FACT,The current official catalogue index lists Diaphragm Type Mini Control Valves MINUCON with model code(s) M2 M3.,官方产品目录,Diaphragm Type Mini Control Valves MINUCON,https://www.fujikin.co.jp/support/pdf/minue_minucon.pdf,2026-06-09,A,Fujikin current series catalogue; pharma relevance MEDIUM.,Series-level catalogue row. Model codes may cover multiple variants; do not treat them as interchangeable.
FUJIKIN-SERIES-S1-E864C3F7,Fujikin,S1-E864C3F7,Automatic Valves / 2-1. Globe Valves,FACT,The current official catalogue index lists Electric Valves Pretronic® SR100M with model code(s) S1.,官方产品目录,Electric Valves Pretronic® SR100M,https://www.fujikin.co.jp/en/support/download/,2026-06-09,A,Fujikin current series catalogue; pharma relevance LOW.,Series-level catalogue row. Model codes may cover multiple variants; do not treat them as interchangeable.
FUJIKIN-SERIES-S2-S3-C710600E,Fujikin,S2-S3-C710600E,Automatic Valves / 2-1. Globe Valves,FACT,The current official catalogue index lists PRETRONIC® SR100 with model code(s) S2 S3.,官方产品目录,PRETRONIC® SR100,https://www.fujikin.co.jp/support/pdf/136_sr100_eng.pdf,2026-06-09,A,Fujikin current series catalogue; pharma relevance LOW.,Series-level catalogue row. Model codes may cover multiple variants; do not treat them as interchangeable.
FUJIKIN-SERIES-S5-ABAEA1F6,Fujikin,S5-ABAEA1F6,Automatic Valves / 2-1. Globe Valves,FACT,The current official catalogue index lists Electric Valves Pretronic® SR100E High Performance & Small Control Valves with model code(s) S5.,官方产品目录,Electric Valves Pretronic® SR100E High Performance & Small Control Valves,https://www.fujikin.co.jp/en/support/download/,2026-06-09,A,Fujikin current series catalogue; pharma relevance LOW.,Series-level catalogue row. Model codes may cover multiple variants; do not treat them as interchangeable.
FUJIKIN-SERIES-APR-GUH-7100-1BD56CD2,Fujikin,APR-GUH-7100-1BD56CD2,Automatic Valves / 2-1. Globe Valves,FACT,The current official catalogue index lists Valves & Fittings for Ultra High-Pressure Hydrogen Gas with model code(s) APR-GUH-7100.,官方产品目录,Valves & Fittings for Ultra High-Pressure Hydrogen Gas,https://www.fujikin.co.jp/support/pdf/hyd1e_hyd.pdf,2026-06-09,A,Fujikin current series catalogue; pharma relevance LOW.,Series-level catalogue row. Model codes may cover multiple variants; do not treat them as interchangeable.
FUJIKIN-SERIES-APR-GUH-7100M-6F3A99AF,Fujikin,APR-GUH-7100M-6F3A99AF,Automatic Valves / 2-1. Globe Valves,FACT,The current official catalogue index lists Valves & Fittings for Ultra High-Pressure Hydrogen Gas with model code(s) APR-GUH-7100M.,官方产品目录,Valves & Fittings for Ultra High-Pressure Hydrogen Gas,https://www.fujikin.co.jp/support/pdf/hyd1e_hyd.pdf,2026-06-09,A,Fujikin current series catalogue; pharma relevance LOW.,Series-level catalogue row. Model codes may cover multiple variants; do not treat them as interchangeable.
FUJIKIN-SERIES-M3R4-8100-7CCC518C,Fujikin,M3R4-8100-7CCC518C,Automatic Valves / 2-1. Globe Valves,FACT,The current official catalogue index lists Valves & Fittings for Ultra High-Pressure Hydrogen Gas 99.9MPa Isolation Valves (Compact Type) with model code(s) M3R4-8100.,官方产品目录,Valves & Fittings for Ultra High-Pressure Hydrogen Gas 99.9MPa Isolation Valves (Compact Type),https://www.fujikin.co.jp/support/pdf/hyd1e_hyd.pdf,2026-06-09,A,Fujikin current series catalogue; pharma relevance LOW.,Series-level catalogue row. Model codes may cover multiple variants; do not treat them as interchangeable.
FUJIKIN-SERIES-BYCFO-BYCFU-BF751B4A,Fujikin,BYCFO-BYCFU-BF751B4A,Automatic Valves / 2-2. Y Type Valves,FACT,The current official catalogue index lists BY SERIES ANGLE SEAT VALVES with model code(s) BYCFO BYCFU.,官方产品目录,BY SERIES ANGLE SEAT VALVES,https://www.fujikin.co.jp/support/pdf/sdv1e_diaphragm_04.pdf,2026-06-09,A,Fujikin current series catalogue; pharma relevance HIGH.,Series-level catalogue row. Model codes may cover multiple variants; do not treat them as interchangeable.
FUJIKIN-SERIES-C1-C3-ACE55872,Fujikin,C1-C3-ACE55872,Automatic Valves / 2-3. Angle Valves,FACT,The current official catalogue index lists PRETRONIC® AR2000 with model code(s) C1 C3.,官方产品目录,PRETRONIC® AR2000,https://www.fujikin.co.jp/support/pdf/135_ar2000_eng.pdf,2026-06-09,A,Fujikin current series catalogue; pharma relevance LOW.,Series-level catalogue row. Model codes may cover multiple variants; do not treat them as interchangeable.
FUJIKIN-SERIES-M2-M3-D64FEC55,Fujikin,M2-M3-D64FEC55,Automatic Valves / 2-3. Angle Valves,FACT,The current official catalogue index lists Diaphragm Type Mini Control Valves MINUCON with model code(s) M2 M3.,官方产品目录,Diaphragm Type Mini Control Valves MINUCON,https://www.fujikin.co.jp/support/pdf/minue_minucon.pdf,2026-06-09,A,Fujikin current series catalogue; pharma relevance MEDIUM.,Series-level catalogue row. Model codes may cover multiple variants; do not treat them as interchangeable.
FUJIKIN-SERIES-S2-S3-98D5ADB7,Fujikin,S2-S3-98D5ADB7,Automatic Valves / 2-3. Angle Valves,FACT,The current official catalogue index lists PRETRONIC® SR100 with model code(s) S2 S3.,官方产品目录,PRETRONIC® SR100,https://www.fujikin.co.jp/support/pdf/136_sr100_eng.pdf,2026-06-09,A,Fujikin current series catalogue; pharma relevance LOW.,Series-level catalogue row. Model codes may cover multiple variants; do not treat them as interchangeable.
FUJIKIN-SERIES-AFMO-01-ECC01838,Fujikin,AFMO-01-ECC01838,Automatic Valves / 2-4. Ball Valves,FACT,The current official catalogue index lists Ball valves [Automatic (pneumatic/electric)] 3.92/0.98MPa [AFMO-40R，AFMO-01，DM-UBV] with model code(s) AFMO-01.,官方产品目录,Ball valves [Automatic (pneumatic/electric)] 3.92/0.98MPa [AFMO-40R，AFMO-01，DM-UBV],https://www.fujikin.co.jp/en/support/download/,2026-06-09,A,Fujikin current series catalogue; pharma relevance MEDIUM.,Series-level catalogue row. Model codes may cover multiple variants; do not treat them as interchangeable.
FUJIKIN-SERIES-AFMO-40R-5AA833E0,Fujikin,AFMO-40R-5AA833E0,Automatic Valves / 2-4. Ball Valves,FACT,The current official catalogue index lists Ball valves [Automatic (pneumatic/electric)] 3.92/0.98MPa [AFMO-40R，AFMO-01，DM-UBV] with model code(s) AFMO-40R.,官方产品目录,Ball valves [Automatic (pneumatic/electric)] 3.92/0.98MPa [AFMO-40R，AFMO-01，DM-UBV],https://www.fujikin.co.jp/en/support/download/,2026-06-09,A,Fujikin current series catalogue; pharma relevance MEDIUM.,Series-level catalogue row. Model codes may cover multiple variants; do not treat them as interchangeable.
FUJIKIN-SERIES-APR-VUBV-F42F1943,Fujikin,APR-VUBV-F42F1943,Automatic Valves / 2-4. Ball Valves,FACT,The current official catalogue index lists V-Series 3 Piece Ball Valves 15.1MPa VUBV Series with model code(s) APR-VUBV.,官方产品目录,V-Series 3 Piece Ball Valves 15.1MPa VUBV Series,https://www.fujikin.co.jp/support/pdf/newve_new-v-collection_05.pdf,2026-06-09,A,Fujikin current series catalogue; pharma relevance MEDIUM.,Series-level catalogue row. Model codes may cover multiple variants; do not treat them as interchangeable.
FUJIKIN-SERIES-APR-VUBV-VUBVS-120-920P-APDM-VUBV-VUBVS-120-920P-6D0BD733,Fujikin,APR-VUBV-VUBVS-120-920P-APDM-VUBV-VUBVS-120-920P-6D0BD733,Automatic Valves / 2-4. Ball Valves,FACT,"The current official catalogue index lists V-Series Ball Valves VUBV, VUBVS Series with model code(s) APR-VUBV,VUBVS-120,920P APDM-VUBV,VUBVS-120,920P.",官方产品目录,"V-Series Ball Valves VUBV, VUBVS Series",https://www.fujikin.co.jp/support/pdf/newve_new-v-collection_06.pdf,2026-06-09,A,Fujikin current series catalogue; pharma relevance MEDIUM.,Series-level catalogue row. Model codes may cover multiple variants; do not treat them as interchangeable.
FUJIKIN-SERIES-CBV3-CC5A55B4,Fujikin,CBV3-CC5A55B4,Automatic Valves / 2-4. Ball Valves,FACT,The current official catalogue index lists Fine Ceramic Valves COSMIX™ with model code(s) CBV3.,官方产品目录,Fine Ceramic Valves COSMIX™,https://www.fujikin.co.jp/support/pdf/133_cosmix_eng.pdf,2026-06-09,A,Fujikin current series catalogue; pharma relevance MEDIUM.,Series-level catalogue row. Model codes may cover multiple variants; do not treat them as interchangeable.
FUJIKIN-SERIES-DM-UBV-AE1FA62A,Fujikin,DM-UBV-AE1FA62A,Automatic Valves / 2-4. Ball Valves,FACT,The current official catalogue index lists Compact Electric Ball Valves (3.92MPa) AFCON・DM-UBV Series with model code(s) DM-UBV.,官方产品目录,Compact Electric Ball Valves (3.92MPa) AFCON・DM-UBV Series,https://www.fujikin.co.jp/en/support/download/,2026-06-09,A,Fujikin current series catalogue; pharma relevance MEDIUM.,Series-level catalogue row. Model codes may cover multiple variants; do not treat them as interchangeable.
FUJIKIN-SERIES-UBV-21-JIS10R-ALX-585B05C3,Fujikin,UBV-21-JIS10R-ALX-585B05C3,Automatic Valves / 2-4. Ball Valves,FACT,"The current official catalogue index lists Flange, Butt Weld TypeJIS10K Ball Valves with model code(s) UBV-21-JIS10R-ALX.",官方产品目录,"Flange, Butt Weld TypeJIS10K Ball Valves",https://www.fujikin.co.jp/en/support/download/,2026-06-09,A,Fujikin current series catalogue; pharma relevance MEDIUM.,Series-level catalogue row. Model codes may cover multiple variants; do not treat them as interchangeable.
FUJIKIN-SERIES-CP-B366732D,Fujikin,CP-B366732D,Automatic Valves / 2-5. Gate Valves,FACT,The current official catalogue index lists Fine Ceramic Valves COSMIX™ with model code(s) CP.,官方产品目录,Fine Ceramic Valves COSMIX™,https://www.fujikin.co.jp/support/pdf/133_cosmix_eng.pdf,2026-06-09,A,Fujikin current series catalogue; pharma relevance LOW.,Series-level catalogue row. Model codes may cover multiple variants; do not treat them as interchangeable.
FUJIKIN-SERIES-SVLCDC-244EFA5B,Fujikin,SVLCDC-244EFA5B,Automatic Valves / 2-6. Diaphragm Valves,FACT,The current official catalogue index lists SVLCD VALVES Small volume filling valve with model code(s) SVLCDC.,官方产品目录,SVLCD VALVES Small volume filling valve,https://www.fujikin.co.jp/support/pdf/lcd1e_svlcd.pdf,2026-06-09,A,Fujikin current series catalogue; pharma relevance HIGH.,Series-level catalogue row. Model codes may cover multiple variants; do not treat them as interchangeable.
FUJIKIN-SERIES-BNWC-2F0E12E0,Fujikin,BNWC-2F0E12E0,Automatic Valves / 2-6. Diaphragm Valves,FACT,The current official catalogue index lists BNW SERIES WEIR DIAPHRAGM VALVES with model code(s) BNWC.,官方产品目录,BNW SERIES WEIR DIAPHRAGM VALVES,https://www.fujikin.co.jp/support/pdf/sdv1e_diaphragm_01.pdf,2026-06-09,A,Fujikin current series catalogue; pharma relevance HIGH.,Series-level catalogue row. Model codes may cover multiple variants; do not treat them as interchangeable.
FUJIKIN-SERIES-BSWCN-AD5BAF95,Fujikin,BSWCN-AD5BAF95,Automatic Valves / 2-6. Diaphragm Valves,FACT,The current official catalogue index lists BNW SERIES WEIRLESS DIAPHRAGM VALVES with model code(s) BSWCN.,官方产品目录,BNW SERIES WEIRLESS DIAPHRAGM VALVES,https://www.fujikin.co.jp/support/pdf/sdv1e_diaphragm_02.pdf,2026-06-09,A,Fujikin current series catalogue; pharma relevance HIGH.,Series-level catalogue row. Model codes may cover multiple variants; do not treat them as interchangeable.
FUJIKIN-SERIES-LPS-5E67B882,Fujikin,LPS-5E67B882,Automatic Valves / 2-6. Diaphragm Valves,FACT,The current official catalogue index lists LPS SERIES WEIRLESS DIAPHRAGM LPS VALVES with model code(s) LPS.,官方产品目录,LPS SERIES WEIRLESS DIAPHRAGM LPS VALVES,https://www.fujikin.co.jp/support/pdf/sdv1e_diaphragm_03.pdf,2026-06-09,A,Fujikin current series catalogue; pharma relevance HIGH.,Series-level catalogue row. Model codes may cover multiple variants; do not treat them as interchangeable.
FUJIKIN-SERIES-FUCL-089E8ECB,Fujikin,FUCL-089E8ECB,Other Valves / 3-1. Self-Actuating,FACT,The current official catalogue index lists FINE series PURE Standard series with model code(s) FUCL.,官方产品目录,FINE series PURE Standard series,https://www.fujikin.co.jp/support/pdf/fu05e_pure_standard.pdf,2026-06-09,A,Fujikin current series catalogue; pharma relevance MEDIUM.,Series-level catalogue row. Model codes may cover multiple variants; do not treat them as interchangeable.
FUJIKIN-SERIES-PUCL-1CB43017,Fujikin,PUCL-1CB43017,Other Valves / 3-1. Self-Actuating,FACT,The current official catalogue index lists Stainless Steel Line Check Valves 22MPa Type with model code(s) PUCL.,官方产品目录,Stainless Steel Line Check Valves 22MPa Type,https://www.fujikin.co.jp/support/pdf/newve_new-v-collection_19.pdf,2026-06-09,A,Fujikin current series catalogue; pharma relevance MEDIUM.,Series-level catalogue row. Model codes may cover multiple variants; do not treat them as interchangeable.
FUJIKIN-SERIES-UCL-7100-18526106,Fujikin,UCL-7100-18526106,Other Valves / 3-1. Self-Actuating,FACT,The current official catalogue index lists Valves & Fittings for Ultra High-Pressure Hydrogen Gas with model code(s) UCL-7100.,官方产品目录,Valves & Fittings for Ultra High-Pressure Hydrogen Gas,https://www.fujikin.co.jp/support/pdf/hyd1e_hyd.pdf,2026-06-09,A,Fujikin current series catalogue; pharma relevance MEDIUM.,Series-level catalogue row. Model codes may cover multiple variants; do not treat them as interchangeable.
FUJIKIN-SERIES-VURF-041L-A0FBCCEA,Fujikin,VURF-041L-A0FBCCEA,Other Valves / 3-1. Self-Actuating,FACT,The current official catalogue index lists V-Series Relief Valves VURF Series with model code(s) VURF-041L.,官方产品目录,V-Series Relief Valves VURF Series,https://www.fujikin.co.jp/support/pdf/newve_new-v-collection_18.pdf,2026-06-09,A,Fujikin current series catalogue; pharma relevance LOW.,Series-level catalogue row. Model codes may cover multiple variants; do not treat them as interchangeable.
FUJIKIN-SERIES-PDW-6B6AF5A0,Fujikin,PDW-6B6AF5A0,Fittings / 4-1. Double Compression Ring Type,FACT,The current official catalogue index lists POWERFULLOK Tube Connectors Brass with model code(s) PDW.,官方产品目录,POWERFULLOK Tube Connectors Brass,https://www.fujikin.co.jp/support/pdf/newve_new-v-collection_02.pdf,2026-06-09,A,Fujikin current series catalogue; pharma relevance LOW.,Series-level catalogue row. Model codes may cover multiple variants; do not treat them as interchangeable.
FUJIKIN-SERIES-F900-5473313A,Fujikin,F900-5473313A,Fittings / 4-1. Double Compression Ring Type,FACT,The current official catalogue index lists FINE series PURE F900 Tube Fitting Series FINELOK・PURE with model code(s) F900.,官方产品目录,FINE series PURE F900 Tube Fitting Series FINELOK・PURE,https://www.fujikin.co.jp/support/pdf/702-01_pure_f900_eng.pdf,2026-06-09,A,Fujikin current series catalogue; pharma relevance MEDIUM.,Series-level catalogue row. Model codes may cover multiple variants; do not treat them as interchangeable.
FUJIKIN-SERIES-LF900-B2B76351,Fujikin,LF900-B2B76351,Fittings / 4-1. Double Compression Ring Type,FACT,The current official catalogue index lists FINE series PURE LF900 Tube Fitting Series FINELOK・PURE (For Liquid) with model code(s) LF900.,官方产品目录,FINE series PURE LF900 Tube Fitting Series FINELOK・PURE (For Liquid),https://www.fujikin.co.jp/en/support/download/,2026-06-09,A,Fujikin current series catalogue; pharma relevance MEDIUM.,Series-level catalogue row. Model codes may cover multiple variants; do not treat them as interchangeable.
FUJIKIN-SERIES-PUW-C0414221,Fujikin,PUW-C0414221,Fittings / 4-1. Double Compression Ring Type,FACT,The current official catalogue index lists POWERFULLOK Tube Fittings SUS316 with model code(s) PUW.,官方产品目录,POWERFULLOK Tube Fittings SUS316,https://www.fujikin.co.jp/support/pdf/721_powerfullok_sus_eng.pdf,2026-06-09,A,Fujikin current series catalogue; pharma relevance MEDIUM.,Series-level catalogue row. Model codes may cover multiple variants; do not treat them as interchangeable.
FUJIKIN-SERIES-VUW-42955F30,Fujikin,VUW-42955F30,Fittings / 4-1. Double Compression Ring Type,FACT,The current official catalogue index lists V-Lok Tube Connectors with model code(s) VUW.,官方产品目录,V-Lok Tube Connectors,https://www.fujikin.co.jp/support/pdf/newve_new-v-collection_01.pdf,2026-06-09,A,Fujikin current series catalogue; pharma relevance LOW.,Series-level catalogue row. Model codes may cover multiple variants; do not treat them as interchangeable.
FUJIKIN-SERIES-RH-0F3C82DB,Fujikin,RH-0F3C82DB,Fittings / 4-2. Ring Type,FACT,The current official catalogue index lists Ring Joints & Miniature Valves with model code(s) RH.,官方产品目录,Ring Joints & Miniature Valves,https://www.fujikin.co.jp/en/support/download/,2026-06-09,A,Fujikin current series catalogue; pharma relevance LOW.,Series-level catalogue row. Model codes may cover multiple variants; do not treat them as interchangeable.
FUJIKIN-SERIES-UJR-28559EEE,Fujikin,UJR-28559EEE,Fittings / 4-3. Union Gasket Type,FACT,The current official catalogue index lists FINE series PURE UJR Fittings・Auto Weld series with model code(s) UJR.,官方产品目录,FINE series PURE UJR Fittings・Auto Weld series,https://www.fujikin.co.jp/support/pdf/720-01_pure_ujr_eng.pdf,2026-06-09,A,Fujikin current series catalogue; pharma relevance MEDIUM.,Series-level catalogue row. Model codes may cover multiple variants; do not treat them as interchangeable.
FUJIKIN-SERIES-UPG-A9B37E7E,Fujikin,UPG-A9B37E7E,Fittings / 4-3. Union Gasket Type,FACT,The current official catalogue index lists FINE series PURE UPG Fittings series with model code(s) UPG.,官方产品目录,FINE series PURE UPG Fittings series,https://www.fujikin.co.jp/support/pdf/upg1e_pure_upg.pdf,2026-06-09,A,Fujikin current series catalogue; pharma relevance LOW.,Series-level catalogue row. Model codes may cover multiple variants; do not treat them as interchangeable.
FUJIKIN-SERIES-UJL-UJT-B170D197,Fujikin,UJL-UJT-B170D197,Fittings / 4-4. Welding Type,FACT,The current official catalogue index lists FINE series PURE UJR Fittings・Auto Weld series with model code(s) UJL UJT.,官方产品目录,FINE series PURE UJR Fittings・Auto Weld series,https://www.fujikin.co.jp/support/pdf/720-01_pure_ujr_eng.pdf,2026-06-09,A,Fujikin current series catalogue; pharma relevance MEDIUM.,Series-level catalogue row. Model codes may cover multiple variants; do not treat them as interchangeable.
FUJIKIN-SERIES-UJUN-UJU-189E9912,Fujikin,UJUN-UJU-189E9912,Fittings / 4-5. Cone & Thread Type,FACT,"The current official catalogue index lists Valves & Fittings for Ultra High-Pressure Hydrogen Gas Less Than 50MPa, More Than 99.9MPa with model code(s) UJUN UJU.",官方产品目录,"Valves & Fittings for Ultra High-Pressure Hydrogen Gas Less Than 50MPa, More Than 99.9MPa",https://www.fujikin.co.jp/support/pdf/hyd1e_hyd.pdf,2026-06-09,A,Fujikin current series catalogue; pharma relevance LOW.,Series-level catalogue row. Model codes may cover multiple variants; do not treat them as interchangeable.
FUJIKIN-SERIES-UJB-A6BC7490,Fujikin,UJB-A6BC7490,Fittings / 4-6. Variable Type,FACT,The current official catalogue index lists V-Series with model code(s) UJB.,官方产品目录,V-Series,https://www.fujikin.co.jp/support/pdf/newve_new-v-collection_01.pdf,2026-06-09,A,Fujikin current series catalogue; pharma relevance LOW.,Series-level catalogue row. Model codes may cover multiple variants; do not treat them as interchangeable.
FUJIKIN-SERIES-UJN-DDB3B6D5,Fujikin,UJN-DDB3B6D5,Fittings / 4-6. Variable Type,FACT,The current official catalogue index lists V-Series with model code(s) UJN.,官方产品目录,V-Series,https://www.fujikin.co.jp/support/pdf/newve_new-v-collection_01.pdf,2026-06-09,A,Fujikin current series catalogue; pharma relevance LOW.,Series-level catalogue row. Model codes may cover multiple variants; do not treat them as interchangeable.
FUJIKIN-SERIES-UJP-79E754F6,Fujikin,UJP-79E754F6,Fittings / 4-6. Variable Type,FACT,The current official catalogue index lists V-Series with model code(s) UJP.,官方产品目录,V-Series,https://www.fujikin.co.jp/support/pdf/newve_new-v-collection_01.pdf,2026-06-09,A,Fujikin current series catalogue; pharma relevance LOW.,Series-level catalogue row. Model codes may cover multiple variants; do not treat them as interchangeable.
FUJIKIN-SERIES-UJS-FA6A7EC7,Fujikin,UJS-FA6A7EC7,Fittings / 4-6. Variable Type,FACT,The current official catalogue index lists V-Series with model code(s) UJS.,官方产品目录,V-Series,https://www.fujikin.co.jp/support/pdf/newve_new-v-collection_01.pdf,2026-06-09,A,Fujikin current series catalogue; pharma relevance LOW.,Series-level catalogue row. Model codes may cover multiple variants; do not treat them as interchangeable.
FUJIKIN-SERIES-PROVIDER-POWER-UNIT-7F834DE8,Fujikin,PROVIDER-POWER-UNIT-7F834DE8,Systems / 5-1. Various Equipment,FACT,The current official catalogue index lists PROVIDER POWER UNIT with model code(s) not stated.,官方产品目录,PROVIDER POWER UNIT,https://www.fujikin.co.jp/en/support/download/,2026-06-09,A,Fujikin current series catalogue; pharma relevance LOW.,Series-level catalogue row. Model codes may cover multiple variants; do not treat them as interchangeable.
FUJIKIN-SERIES-FCSP7000-FCSP8000-882FFB98,Fujikin,FCSP7000-FCSP8000-882FFB98,Systems / 5-1. Various Equipment,FACT,The current official catalogue index lists FINE series PURE FCS® Pressure Series with model code(s) FCSP7000 FCSP8000.,官方产品目录,FINE series PURE FCS® Pressure Series,https://www.fujikin.co.jp/support/pdf/fcspe_pure_fcs.pdf,2026-06-09,A,Fujikin current series catalogue; pharma relevance MEDIUM.,Series-level catalogue row. Model codes may cover multiple variants; do not treat them as interchangeable.
FUJIKIN-SERIES-FINE-SERIES-PURE-IGS-INTEGRATED-GAS-SYSTEM-3D87FB3B,Fujikin,FINE-SERIES-PURE-IGS-INTEGRATED-GAS-SYSTEM-3D87FB3B,Systems / 5-1. Various Equipment,FACT,The current official catalogue index lists FINE series PURE IGS Integrated Gas System with model code(s) not stated.,官方产品目录,FINE series PURE IGS Integrated Gas System,https://www.fujikin.co.jp/support/pdf/732-01_pure_igs_eng.pdf,2026-06-09,A,Fujikin current series catalogue; pharma relevance LOW.,Series-level catalogue row. Model codes may cover multiple variants; do not treat them as interchangeable.
FUJIKIN-SERIES-FCST1000-FCST2000-BE84B2C5,Fujikin,FCST1000-FCST2000-BE84B2C5,Systems / 5-1. Various Equipment,FACT,The current official catalogue index lists Flow Control System FCS® Thermal Series with model code(s) FCST1000 FCST2000.,官方产品目录,Flow Control System FCS® Thermal Series,https://www.fujikin.co.jp/support/pdf/fcste_fcs_thermal.pdf,2026-06-09,A,Fujikin current series catalogue; pharma relevance MEDIUM.,Series-level catalogue row. Model codes may cover multiple variants; do not treat them as interchangeable.
FUJIKIN-SERIES-FUJITEPLER-SEALING-TAPE-AUTOMATIC-WRAPPING-MACHINE-84342C22,Fujikin,FUJITEPLER-SEALING-TAPE-AUTOMATIC-WRAPPING-MACHINE-84342C22,Systems / 5-1. Various Equipment,FACT,The current official catalogue index lists Fujitepler Sealing Tape Automatic Wrapping Machine with model code(s) not stated.,官方产品目录,Fujitepler Sealing Tape Automatic Wrapping Machine,https://www.fujikin.co.jp/en/support/download/,2026-06-09,A,Fujikin current series catalogue; pharma relevance LOW.,Series-level catalogue row. Model codes may cover multiple variants; do not treat them as interchangeable.
FUJIKIN-SERIES-STATIC-MIXERS-KONGOUKUN-BUNSANKUN-B8180544,Fujikin,STATIC-MIXERS-KONGOUKUN-BUNSANKUN-B8180544,Systems / 5-1. Various Equipment,FACT,The current official catalogue index lists Static Mixers Kongoukun・Bunsankun with model code(s) not stated.,官方产品目录,Static Mixers Kongoukun・Bunsankun,https://www.fujikin.co.jp/support/pdf/817-01_mixer_eng.pdf,2026-06-09,A,Fujikin current series catalogue; pharma relevance MEDIUM.,Series-level catalogue row. Model codes may cover multiple variants; do not treat them as interchangeable.
FUJIKIN-SERIES-FINE-SERIES-PURE-WVG-WATER-VAPOR-GENERATOR-D993DC14,Fujikin,FINE-SERIES-PURE-WVG-WATER-VAPOR-GENERATOR-D993DC14,Systems / 5-1. Various Equipment,FACT,The current official catalogue index lists FINE series PURE WVG® Water Vapor Generator with model code(s) not stated.,官方产品目录,FINE series PURE WVG® Water Vapor Generator,https://www.fujikin.co.jp/support/pdf/731-01_pure_wvg_eng.pdf,2026-06-09,A,Fujikin current series catalogue; pharma relevance LOW.,Series-level catalogue row. Model codes may cover multiple variants; do not treat them as interchangeable.
FUJIKIN-SERIES-FUFL-FUFT-841083A9,Fujikin,FUFL-FUFT-841083A9,Other / 6-1. Filters,FACT,The current official catalogue index lists FINE series PURE Standard series with model code(s) FUFL FUFT.,官方产品目录,FINE series PURE Standard series,https://www.fujikin.co.jp/support/pdf/fu05e_pure_standard.pdf,2026-06-09,A,Fujikin current series catalogue; pharma relevance MEDIUM.,Series-level catalogue row. Model codes may cover multiple variants; do not treat them as interchangeable.
FUJIKIN-SERIES-UFL-7100-473CC265,Fujikin,UFL-7100-473CC265,Other / 6-1. Filters,FACT,The current official catalogue index lists Valves & Fittings for Ultra High-Pressure Hydrogen Gas with model code(s) UFL-7100.,官方产品目录,Valves & Fittings for Ultra High-Pressure Hydrogen Gas,https://www.fujikin.co.jp/support/pdf/hyd1e_hyd.pdf,2026-06-09,A,Fujikin current series catalogue; pharma relevance MEDIUM.,Series-level catalogue row. Model codes may cover multiple variants; do not treat them as interchangeable.
FUJIKIN-SERIES-LIQUID-LEAK-DETECTOR-FINE-BUBBLE-E9625CF6,Fujikin,LIQUID-LEAK-DETECTOR-FINE-BUBBLE-E9625CF6,Other / 6-2. Liquid Leak Detector (FINE BUBBLE),FACT,The current official catalogue index lists Liquid Leak Detector FINE BUBBLE with model code(s) not stated.,官方产品目录,Liquid Leak Detector FINE BUBBLE,https://www.fujikin.co.jp/en/support/download/,2026-06-09,A,Fujikin current series catalogue; pharma relevance LOW.,Series-level catalogue row. Model codes may cover multiple variants; do not treat them as interchangeable.
FUJIKIN-SERIES-FUJIKIN-PRODUCT-DIGEST-CATALOGUE-OF-CATALOGUE-ECFF9E47,Fujikin,FUJIKIN-PRODUCT-DIGEST-CATALOGUE-OF-CATALOGUE-ECFF9E47,Other / 6-2. Liquid Leak Detector (FINE BUBBLE),FACT,The current official catalogue index lists FUJIKIN PRODUCT DIGEST Catalogue of catalogue with model code(s) not stated.,官方产品目录,FUJIKIN PRODUCT DIGEST Catalogue of catalogue,https://www.fujikin.co.jp/support/pdf/100-01_catalog_of_catalog_eng.pdf,2026-06-09,A,Fujikin current series catalogue; pharma relevance LOW.,Series-level catalogue row. Model codes may cover multiple variants; do not treat them as interchangeable.
