record_id,spec_key,value_text,source_url,accessed_date,notes
FUBFL-FUB-FUBFN-8D68C619,Maximum nominal sizes,12.7,https://www.fujikin.co.jp/en/support/download/,2026-06-09,Exact value from the official English catalogue index row.
FUBFL-FUB-FUBFN-8D68C619,Cleanliness,Complete,https://www.fujikin.co.jp/en/support/download/,2026-06-09,Exact value from the official English catalogue index row.
FUBFL-FUB-FUBFN-8D68C619,Flow rate class,Low,https://www.fujikin.co.jp/en/support/download/,2026-06-09,Exact value from the official English catalogue index row.
FUBFL-FUB-FUBFN-8D68C619,Materials,S,https://www.fujikin.co.jp/en/support/download/,2026-06-09,Exact value from the official English catalogue index row.
PUBF-PUBFL-F198E743,Maximum nominal sizes,12.7,https://www.fujikin.co.jp/en/support/download/,2026-06-09,Exact value from the official English catalogue index row.
PUBF-PUBFL-F198E743,Cleanliness,Class 1,https://www.fujikin.co.jp/en/support/download/,2026-06-09,Exact value from the official English catalogue index row.
PUBF-PUBFL-F198E743,Flow rate class,Low,https://www.fujikin.co.jp/en/support/download/,2026-06-09,Exact value from the official English catalogue index row.
PUBF-PUBFL-F198E743,Materials,S,https://www.fujikin.co.jp/en/support/download/,2026-06-09,Exact value from the official English catalogue index row.
VUBF-VUBFD-VUBFH-VUBFN-56F94298,Maximum nominal sizes,12.7,https://www.fujikin.co.jp/en/support/download/,2026-06-09,Exact value from the official English catalogue index row.
VUBF-VUBFD-VUBFH-VUBFN-56F94298,Cleanliness,*,https://www.fujikin.co.jp/en/support/download/,2026-06-09,Exact value from the official English catalogue index row.
VUBF-VUBFD-VUBFH-VUBFN-56F94298,Flow rate class,Low,https://www.fujikin.co.jp/en/support/download/,2026-06-09,Exact value from the official English catalogue index row.
VUBF-VUBFD-VUBFH-VUBFN-56F94298,Materials,S,https://www.fujikin.co.jp/en/support/download/,2026-06-09,Exact value from the official English catalogue index row.
VUTW-VUT-VUHGB-25EFB794,Maximum nominal sizes,15A,https://www.fujikin.co.jp/en/support/download/,2026-06-09,Exact value from the official English catalogue index row.
VUTW-VUT-VUHGB-25EFB794,Cleanliness,*,https://www.fujikin.co.jp/en/support/download/,2026-06-09,Exact value from the official English catalogue index row.
VUTW-VUT-VUHGB-25EFB794,Flow rate class,Low,https://www.fujikin.co.jp/en/support/download/,2026-06-09,Exact value from the official English catalogue index row.
VUTW-VUT-VUHGB-25EFB794,Materials,S,https://www.fujikin.co.jp/en/support/download/,2026-06-09,Exact value from the official English catalogue index row.
FUBD-31981576,Maximum nominal sizes,12.7,https://www.fujikin.co.jp/en/support/download/,2026-06-09,Exact value from the official English catalogue index row.
FUBD-31981576,Cleanliness,Complete,https://www.fujikin.co.jp/en/support/download/,2026-06-09,Exact value from the official English catalogue index row.
FUBD-31981576,Flow rate class,Low,https://www.fujikin.co.jp/en/support/download/,2026-06-09,Exact value from the official English catalogue index row.
FUBD-31981576,Materials,S,https://www.fujikin.co.jp/en/support/download/,2026-06-09,Exact value from the official English catalogue index row.
FUDF-E4CD59C7,Maximum nominal sizes,12.7,https://www.fujikin.co.jp/en/support/download/,2026-06-09,Exact value from the official English catalogue index row.
FUDF-E4CD59C7,Cleanliness,Complete,https://www.fujikin.co.jp/en/support/download/,2026-06-09,Exact value from the official English catalogue index row.
FUDF-E4CD59C7,Flow rate class,Low,https://www.fujikin.co.jp/en/support/download/,2026-06-09,Exact value from the official English catalogue index row.
FUDF-E4CD59C7,Materials,S,https://www.fujikin.co.jp/en/support/download/,2026-06-09,Exact value from the official English catalogue index row.
FUNDL-FUND-A5443E89,Maximum nominal sizes,12.7,https://www.fujikin.co.jp/en/support/download/,2026-06-09,Exact value from the official English catalogue index row.
FUNDL-FUND-A5443E89,Cleanliness,Complete,https://www.fujikin.co.jp/en/support/download/,2026-06-09,Exact value from the official English catalogue index row.
FUNDL-FUND-A5443E89,Flow rate class,Low,https://www.fujikin.co.jp/en/support/download/,2026-06-09,Exact value from the official English catalogue index row.
FUNDL-FUND-A5443E89,Materials,S,https://www.fujikin.co.jp/en/support/download/,2026-06-09,Exact value from the official English catalogue index row.
DH-12-DUE-12-BH-21-F98A6FE3,Maximum nominal sizes,100A,https://www.fujikin.co.jp/en/support/download/,2026-06-09,Exact value from the official English catalogue index row.
DH-12-DUE-12-BH-21-F98A6FE3,Cleanliness,*,https://www.fujikin.co.jp/en/support/download/,2026-06-09,Exact value from the official English catalogue index row.
DH-12-DUE-12-BH-21-F98A6FE3,Flow rate class,Low,https://www.fujikin.co.jp/en/support/download/,2026-06-09,Exact value from the official English catalogue index row.
DH-12-DUE-12-BH-21-F98A6FE3,Materials,B、C,https://www.fujikin.co.jp/en/support/download/,2026-06-09,Exact value from the official English catalogue index row.
DS-11-13117966,Maximum nominal sizes,15A,https://www.fujikin.co.jp/en/support/download/,2026-06-09,Exact value from the official English catalogue index row.
DS-11-13117966,Cleanliness,*,https://www.fujikin.co.jp/en/support/download/,2026-06-09,Exact value from the official English catalogue index row.
DS-11-13117966,Flow rate class,Low,https://www.fujikin.co.jp/en/support/download/,2026-06-09,Exact value from the official English catalogue index row.
DS-11-13117966,Materials,C,https://www.fujikin.co.jp/en/support/download/,2026-06-09,Exact value from the official English catalogue index row.
DS-11-13955136,Maximum nominal sizes,10A,https://www.fujikin.co.jp/en/support/download/,2026-06-09,Exact value from the official English catalogue index row.
DS-11-13955136,Cleanliness,*,https://www.fujikin.co.jp/en/support/download/,2026-06-09,Exact value from the official English catalogue index row.
DS-11-13955136,Flow rate class,Low,https://www.fujikin.co.jp/en/support/download/,2026-06-09,Exact value from the official English catalogue index row.
DS-11-13955136,Materials,S、C,https://www.fujikin.co.jp/en/support/download/,2026-06-09,Exact value from the official English catalogue index row.
FH-UT-7371F90F,Maximum nominal sizes,15A,https://www.fujikin.co.jp/en/support/download/,2026-06-09,Exact value from the official English catalogue index row.
FH-UT-7371F90F,Cleanliness,*,https://www.fujikin.co.jp/en/support/download/,2026-06-09,Exact value from the official English catalogue index row.
FH-UT-7371F90F,Flow rate class,Low,https://www.fujikin.co.jp/en/support/download/,2026-06-09,Exact value from the official English catalogue index row.
FH-UT-7371F90F,Materials,S,https://www.fujikin.co.jp/en/support/download/,2026-06-09,Exact value from the official English catalogue index row.
FUN-FUE-FUH-46ADB9F8,Maximum nominal sizes,10A 12.7,https://www.fujikin.co.jp/en/support/download/,2026-06-09,Exact value from the official English catalogue index row.
FUN-FUE-FUH-46ADB9F8,Cleanliness,Complete,https://www.fujikin.co.jp/en/support/download/,2026-06-09,Exact value from the official English catalogue index row.
FUN-FUE-FUH-46ADB9F8,Flow rate class,Low,https://www.fujikin.co.jp/en/support/download/,2026-06-09,Exact value from the official English catalogue index row.
FUN-FUE-FUH-46ADB9F8,Materials,S,https://www.fujikin.co.jp/en/support/download/,2026-06-09,Exact value from the official English catalogue index row.
PDS-PDWVP-433F234E,Maximum nominal sizes,15A 12.7 12,https://www.fujikin.co.jp/en/support/download/,2026-06-09,Exact value from the official English catalogue index row.
PDS-PDWVP-433F234E,Cleanliness,*,https://www.fujikin.co.jp/en/support/download/,2026-06-09,Exact value from the official English catalogue index row.
PDS-PDWVP-433F234E,Flow rate class,Low,https://www.fujikin.co.jp/en/support/download/,2026-06-09,Exact value from the official English catalogue index row.
PDS-PDWVP-433F234E,Materials,C,https://www.fujikin.co.jp/en/support/download/,2026-06-09,Exact value from the official English catalogue index row.
PUH-134-CA967EA3,Maximum nominal sizes,15A 12.7,https://www.fujikin.co.jp/en/support/download/,2026-06-09,Exact value from the official English catalogue index row.
PUH-134-CA967EA3,Cleanliness,Class 2,https://www.fujikin.co.jp/en/support/download/,2026-06-09,Exact value from the official English catalogue index row.
PUH-134-CA967EA3,Flow rate class,Low,https://www.fujikin.co.jp/en/support/download/,2026-06-09,Exact value from the official English catalogue index row.
PUH-134-CA967EA3,Materials,S,https://www.fujikin.co.jp/en/support/download/,2026-06-09,Exact value from the official English catalogue index row.
PUH-916-F21D708C,Maximum nominal sizes,15A 12.7,https://www.fujikin.co.jp/en/support/download/,2026-06-09,Exact value from the official English catalogue index row.
PUH-916-F21D708C,Cleanliness,Class 2,https://www.fujikin.co.jp/en/support/download/,2026-06-09,Exact value from the official English catalogue index row.
PUH-916-F21D708C,Flow rate class,Low,https://www.fujikin.co.jp/en/support/download/,2026-06-09,Exact value from the official English catalogue index row.
PUH-916-F21D708C,Materials,S,https://www.fujikin.co.jp/en/support/download/,2026-06-09,Exact value from the official English catalogue index row.
PUN-UN-DUN-8CF4A2FF,Maximum nominal sizes,6.35,https://www.fujikin.co.jp/en/support/download/,2026-06-09,Exact value from the official English catalogue index row.
PUN-UN-DUN-8CF4A2FF,Cleanliness,Class 2,https://www.fujikin.co.jp/en/support/download/,2026-06-09,Exact value from the official English catalogue index row.
PUN-UN-DUN-8CF4A2FF,Flow rate class,Low,https://www.fujikin.co.jp/en/support/download/,2026-06-09,Exact value from the official English catalogue index row.
PUN-UN-DUN-8CF4A2FF,Materials,S、C,https://www.fujikin.co.jp/en/support/download/,2026-06-09,Exact value from the official English catalogue index row.
PUS-142-909C5E78,Maximum nominal sizes,15A 12.7,https://www.fujikin.co.jp/en/support/download/,2026-06-09,Exact value from the official English catalogue index row.
PUS-142-909C5E78,Cleanliness,Class 2,https://www.fujikin.co.jp/en/support/download/,2026-06-09,Exact value from the official English catalogue index row.
PUS-142-909C5E78,Flow rate class,Low,https://www.fujikin.co.jp/en/support/download/,2026-06-09,Exact value from the official English catalogue index row.
PUS-142-909C5E78,Materials,S,https://www.fujikin.co.jp/en/support/download/,2026-06-09,Exact value from the official English catalogue index row.
PUS-916-78AA66E1,Maximum nominal sizes,12.7,https://www.fujikin.co.jp/en/support/download/,2026-06-09,Exact value from the official English catalogue index row.
PUS-916-78AA66E1,Cleanliness,Class 2,https://www.fujikin.co.jp/en/support/download/,2026-06-09,Exact value from the official English catalogue index row.
PUS-916-78AA66E1,Flow rate class,Low,https://www.fujikin.co.jp/en/support/download/,2026-06-09,Exact value from the official English catalogue index row.
PUS-916-78AA66E1,Materials,S,https://www.fujikin.co.jp/en/support/download/,2026-06-09,Exact value from the official English catalogue index row.
RV-6-96A69CEB,Maximum nominal sizes,12 12×10A,https://www.fujikin.co.jp/en/support/download/,2026-06-09,Exact value from the official English catalogue index row.
RV-6-96A69CEB,Cleanliness,*,https://www.fujikin.co.jp/en/support/download/,2026-06-09,Exact value from the official English catalogue index row.
RV-6-96A69CEB,Flow rate class,Low,https://www.fujikin.co.jp/en/support/download/,2026-06-09,Exact value from the official English catalogue index row.
RV-6-96A69CEB,Materials,C,https://www.fujikin.co.jp/en/support/download/,2026-06-09,Exact value from the official English catalogue index row.
UH-11500HP-D5D384B3,Maximum nominal sizes,25A,https://www.fujikin.co.jp/en/support/download/,2026-06-09,Exact value from the official English catalogue index row.
UH-11500HP-D5D384B3,Cleanliness,Class 1,https://www.fujikin.co.jp/en/support/download/,2026-06-09,Exact value from the official English catalogue index row.
UH-11500HP-D5D384B3,Flow rate class,Low,https://www.fujikin.co.jp/en/support/download/,2026-06-09,Exact value from the official English catalogue index row.
UH-11500HP-D5D384B3,Materials,S,https://www.fujikin.co.jp/en/support/download/,2026-06-09,Exact value from the official English catalogue index row.
UH-14-UN-116-UE-19-6B3635E9,Maximum nominal sizes,25A,https://www.fujikin.co.jp/en/support/download/,2026-06-09,Exact value from the official English catalogue index row.
UH-14-UN-116-UE-19-6B3635E9,Cleanliness,Class 2,https://www.fujikin.co.jp/en/support/download/,2026-06-09,Exact value from the official English catalogue index row.
UH-14-UN-116-UE-19-6B3635E9,Flow rate class,Low,https://www.fujikin.co.jp/en/support/download/,2026-06-09,Exact value from the official English catalogue index row.
UH-14-UN-116-UE-19-6B3635E9,Materials,S,https://www.fujikin.co.jp/en/support/download/,2026-06-09,Exact value from the official English catalogue index row.
UH-7100L-3C146776,Maximum nominal sizes,14.2,https://www.fujikin.co.jp/en/support/download/,2026-06-09,Exact value from the official English catalogue index row.
UH-7100L-3C146776,Cleanliness,*,https://www.fujikin.co.jp/en/support/download/,2026-06-09,Exact value from the official English catalogue index row.
UH-7100L-3C146776,Flow rate class,Low,https://www.fujikin.co.jp/en/support/download/,2026-06-09,Exact value from the official English catalogue index row.
UH-7100L-3C146776,Materials,S,https://www.fujikin.co.jp/en/support/download/,2026-06-09,Exact value from the official English catalogue index row.
UN-115-UN-130-UN-150-953E87EE,Maximum nominal sizes,15A,https://www.fujikin.co.jp/en/support/download/,2026-06-09,Exact value from the official English catalogue index row.
UN-115-UN-130-UN-150-953E87EE,Cleanliness,Class 2,https://www.fujikin.co.jp/en/support/download/,2026-06-09,Exact value from the official English catalogue index row.
UN-115-UN-130-UN-150-953E87EE,Flow rate class,Low,https://www.fujikin.co.jp/en/support/download/,2026-06-09,Exact value from the official English catalogue index row.
UN-115-UN-130-UN-150-953E87EE,Materials,S,https://www.fujikin.co.jp/en/support/download/,2026-06-09,Exact value from the official English catalogue index row.
UN-14M-B0DBE74B,Maximum nominal sizes,8A 6.35,https://www.fujikin.co.jp/en/support/download/,2026-06-09,Exact value from the official English catalogue index row.
UN-14M-B0DBE74B,Cleanliness,Class 2,https://www.fujikin.co.jp/en/support/download/,2026-06-09,Exact value from the official English catalogue index row.
UN-14M-B0DBE74B,Flow rate class,Low,https://www.fujikin.co.jp/en/support/download/,2026-06-09,Exact value from the official English catalogue index row.
UN-14M-B0DBE74B,Materials,S,https://www.fujikin.co.jp/en/support/download/,2026-06-09,Exact value from the official English catalogue index row.
US-127P-0A0BF600,Maximum nominal sizes,25A,https://www.fujikin.co.jp/en/support/download/,2026-06-09,Exact value from the official English catalogue index row.
US-127P-0A0BF600,Cleanliness,*,https://www.fujikin.co.jp/en/support/download/,2026-06-09,Exact value from the official English catalogue index row.
US-127P-0A0BF600,Flow rate class,Low,https://www.fujikin.co.jp/en/support/download/,2026-06-09,Exact value from the official English catalogue index row.
US-127P-0A0BF600,Materials,S,https://www.fujikin.co.jp/en/support/download/,2026-06-09,Exact value from the official English catalogue index row.
US-13P-4D94B86C,Maximum nominal sizes,15A,https://www.fujikin.co.jp/en/support/download/,2026-06-09,Exact value from the official English catalogue index row.
US-13P-4D94B86C,Cleanliness,Class 2,https://www.fujikin.co.jp/en/support/download/,2026-06-09,Exact value from the official English catalogue index row.
US-13P-4D94B86C,Flow rate class,Low,https://www.fujikin.co.jp/en/support/download/,2026-06-09,Exact value from the official English catalogue index row.
US-13P-4D94B86C,Materials,S,https://www.fujikin.co.jp/en/support/download/,2026-06-09,Exact value from the official English catalogue index row.
VUH-941P-D4FDC336,Maximum nominal sizes,12.7,https://www.fujikin.co.jp/en/support/download/,2026-06-09,Exact value from the official English catalogue index row.
VUH-941P-D4FDC336,Cleanliness,*,https://www.fujikin.co.jp/en/support/download/,2026-06-09,Exact value from the official English catalogue index row.
VUH-941P-D4FDC336,Flow rate class,Low,https://www.fujikin.co.jp/en/support/download/,2026-06-09,Exact value from the official English catalogue index row.
VUH-941P-D4FDC336,Materials,S,https://www.fujikin.co.jp/en/support/download/,2026-06-09,Exact value from the official English catalogue index row.
FUD-0737D1B7,Maximum nominal sizes,10A 12.7,https://www.fujikin.co.jp/en/support/download/,2026-06-09,Exact value from the official English catalogue index row.
FUD-0737D1B7,Cleanliness,Complete,https://www.fujikin.co.jp/en/support/download/,2026-06-09,Exact value from the official English catalogue index row.
FUD-0737D1B7,Flow rate class,Low,https://www.fujikin.co.jp/en/support/download/,2026-06-09,Exact value from the official English catalogue index row.
FUD-0737D1B7,Materials,S,https://www.fujikin.co.jp/en/support/download/,2026-06-09,Exact value from the official English catalogue index row.
PUD-134-2F96308C,Maximum nominal sizes,15A 12.7,https://www.fujikin.co.jp/en/support/download/,2026-06-09,Exact value from the official English catalogue index row.
PUD-134-2F96308C,Cleanliness,Class 2,https://www.fujikin.co.jp/en/support/download/,2026-06-09,Exact value from the official English catalogue index row.
PUD-134-2F96308C,Flow rate class,Low,https://www.fujikin.co.jp/en/support/download/,2026-06-09,Exact value from the official English catalogue index row.
PUD-134-2F96308C,Materials,S,https://www.fujikin.co.jp/en/support/download/,2026-06-09,Exact value from the official English catalogue index row.
UD-11500HP-6BCADA6D,Maximum nominal sizes,25A,https://www.fujikin.co.jp/en/support/download/,2026-06-09,Exact value from the official English catalogue index row.
UD-11500HP-6BCADA6D,Cleanliness,Class 1,https://www.fujikin.co.jp/en/support/download/,2026-06-09,Exact value from the official English catalogue index row.
UD-11500HP-6BCADA6D,Flow rate class,Low,https://www.fujikin.co.jp/en/support/download/,2026-06-09,Exact value from the official English catalogue index row.
UD-11500HP-6BCADA6D,Materials,S,https://www.fujikin.co.jp/en/support/download/,2026-06-09,Exact value from the official English catalogue index row.
VUK-11-CC34AE85,Maximum nominal sizes,8A 9.52,https://www.fujikin.co.jp/en/support/download/,2026-06-09,Exact value from the official English catalogue index row.
VUK-11-CC34AE85,Cleanliness,Class 2,https://www.fujikin.co.jp/en/support/download/,2026-06-09,Exact value from the official English catalogue index row.
VUK-11-CC34AE85,Flow rate class,Low,https://www.fujikin.co.jp/en/support/download/,2026-06-09,Exact value from the official English catalogue index row.
VUK-11-CC34AE85,Materials,S、C,https://www.fujikin.co.jp/en/support/download/,2026-06-09,Exact value from the official English catalogue index row.
VUK-91P-5BA55FB5,Maximum nominal sizes,12.7,https://www.fujikin.co.jp/en/support/download/,2026-06-09,Exact value from the official English catalogue index row.
VUK-91P-5BA55FB5,Cleanliness,*,https://www.fujikin.co.jp/en/support/download/,2026-06-09,Exact value from the official English catalogue index row.
VUK-91P-5BA55FB5,Flow rate class,Low,https://www.fujikin.co.jp/en/support/download/,2026-06-09,Exact value from the official English catalogue index row.
VUK-91P-5BA55FB5,Materials,S,https://www.fujikin.co.jp/en/support/download/,2026-06-09,Exact value from the official English catalogue index row.
DH-32-DUE-32-BH-31-4546EB5B,Maximum nominal sizes,100A,https://www.fujikin.co.jp/en/support/download/,2026-06-09,Exact value from the official English catalogue index row.
DH-32-DUE-32-BH-31-4546EB5B,Cleanliness,*,https://www.fujikin.co.jp/en/support/download/,2026-06-09,Exact value from the official English catalogue index row.
DH-32-DUE-32-BH-31-4546EB5B,Flow rate class,Low,https://www.fujikin.co.jp/en/support/download/,2026-06-09,Exact value from the official English catalogue index row.
DH-32-DUE-32-BH-31-4546EB5B,Materials,C,https://www.fujikin.co.jp/en/support/download/,2026-06-09,Exact value from the official English catalogue index row.
DS-31-BC316D8B,Maximum nominal sizes,15A,https://www.fujikin.co.jp/en/support/download/,2026-06-09,Exact value from the official English catalogue index row.
DS-31-BC316D8B,Cleanliness,*,https://www.fujikin.co.jp/en/support/download/,2026-06-09,Exact value from the official English catalogue index row.
DS-31-BC316D8B,Flow rate class,Low,https://www.fujikin.co.jp/en/support/download/,2026-06-09,Exact value from the official English catalogue index row.
DS-31-BC316D8B,Materials,C,https://www.fujikin.co.jp/en/support/download/,2026-06-09,Exact value from the official English catalogue index row.
FUN-35-FUE-35-FUH-35-3486B101,Maximum nominal sizes,15A,https://www.fujikin.co.jp/en/support/download/,2026-06-09,Exact value from the official English catalogue index row.
FUN-35-FUE-35-FUH-35-3486B101,Cleanliness,Complete,https://www.fujikin.co.jp/en/support/download/,2026-06-09,Exact value from the official English catalogue index row.
FUN-35-FUE-35-FUH-35-3486B101,Flow rate class,Low,https://www.fujikin.co.jp/en/support/download/,2026-06-09,Exact value from the official English catalogue index row.
FUN-35-FUE-35-FUH-35-3486B101,Materials,S,https://www.fujikin.co.jp/en/support/download/,2026-06-09,Exact value from the official English catalogue index row.
PUH-016-A648DCC4,Maximum nominal sizes,15A 12.7,https://www.fujikin.co.jp/en/support/download/,2026-06-09,Exact value from the official English catalogue index row.
PUH-016-A648DCC4,Cleanliness,Class 2,https://www.fujikin.co.jp/en/support/download/,2026-06-09,Exact value from the official English catalogue index row.
PUH-016-A648DCC4,Flow rate class,Low,https://www.fujikin.co.jp/en/support/download/,2026-06-09,Exact value from the official English catalogue index row.
PUH-016-A648DCC4,Materials,S,https://www.fujikin.co.jp/en/support/download/,2026-06-09,Exact value from the official English catalogue index row.
PUN-UN-DUN-574C0E9B,Maximum nominal sizes,6.35,https://www.fujikin.co.jp/en/support/download/,2026-06-09,Exact value from the official English catalogue index row.
PUN-UN-DUN-574C0E9B,Cleanliness,Class 2,https://www.fujikin.co.jp/en/support/download/,2026-06-09,Exact value from the official English catalogue index row.
PUN-UN-DUN-574C0E9B,Flow rate class,Low,https://www.fujikin.co.jp/en/support/download/,2026-06-09,Exact value from the official English catalogue index row.
PUN-UN-DUN-574C0E9B,Materials,S、C,https://www.fujikin.co.jp/en/support/download/,2026-06-09,Exact value from the official English catalogue index row.
PUS-016-26400A90,Maximum nominal sizes,12.7,https://www.fujikin.co.jp/en/support/download/,2026-06-09,Exact value from the official English catalogue index row.
PUS-016-26400A90,Cleanliness,Class 2,https://www.fujikin.co.jp/en/support/download/,2026-06-09,Exact value from the official English catalogue index row.
PUS-016-26400A90,Flow rate class,Low,https://www.fujikin.co.jp/en/support/download/,2026-06-09,Exact value from the official English catalogue index row.
PUS-016-26400A90,Materials,S,https://www.fujikin.co.jp/en/support/download/,2026-06-09,Exact value from the official English catalogue index row.
RA-6-D14A8B11,Maximum nominal sizes,12 12×10A,https://www.fujikin.co.jp/en/support/download/,2026-06-09,Exact value from the official English catalogue index row.
RA-6-D14A8B11,Cleanliness,*,https://www.fujikin.co.jp/en/support/download/,2026-06-09,Exact value from the official English catalogue index row.
RA-6-D14A8B11,Flow rate class,Low,https://www.fujikin.co.jp/en/support/download/,2026-06-09,Exact value from the official English catalogue index row.
RA-6-D14A8B11,Materials,C,https://www.fujikin.co.jp/en/support/download/,2026-06-09,Exact value from the official English catalogue index row.
UH-31500HP-D81A88DC,Maximum nominal sizes,25A,https://www.fujikin.co.jp/en/support/download/,2026-06-09,Exact value from the official English catalogue index row.
UH-31500HP-D81A88DC,Cleanliness,Class 1,https://www.fujikin.co.jp/en/support/download/,2026-06-09,Exact value from the official English catalogue index row.
UH-31500HP-D81A88DC,Flow rate class,Low,https://www.fujikin.co.jp/en/support/download/,2026-06-09,Exact value from the official English catalogue index row.
UH-31500HP-D81A88DC,Materials,S,https://www.fujikin.co.jp/en/support/download/,2026-06-09,Exact value from the official English catalogue index row.
UH-33-DH-31-FE868CCD,Maximum nominal sizes,10A,https://www.fujikin.co.jp/en/support/download/,2026-06-09,Exact value from the official English catalogue index row.
UH-33-DH-31-FE868CCD,Cleanliness,*,https://www.fujikin.co.jp/en/support/download/,2026-06-09,Exact value from the official English catalogue index row.
UH-33-DH-31-FE868CCD,Flow rate class,Low,https://www.fujikin.co.jp/en/support/download/,2026-06-09,Exact value from the official English catalogue index row.
UH-33-DH-31-FE868CCD,Materials,S、C,https://www.fujikin.co.jp/en/support/download/,2026-06-09,Exact value from the official English catalogue index row.
UN-04M-B1ECA1BA,Maximum nominal sizes,6.35,https://www.fujikin.co.jp/en/support/download/,2026-06-09,Exact value from the official English catalogue index row.
UN-04M-B1ECA1BA,Cleanliness,Class 1,https://www.fujikin.co.jp/en/support/download/,2026-06-09,Exact value from the official English catalogue index row.
UN-04M-B1ECA1BA,Flow rate class,Low,https://www.fujikin.co.jp/en/support/download/,2026-06-09,Exact value from the official English catalogue index row.
UN-04M-B1ECA1BA,Materials,S,https://www.fujikin.co.jp/en/support/download/,2026-06-09,Exact value from the official English catalogue index row.
UN-34M-FC2894BA,Maximum nominal sizes,8A,https://www.fujikin.co.jp/en/support/download/,2026-06-09,Exact value from the official English catalogue index row.
UN-34M-FC2894BA,Cleanliness,Class 2,https://www.fujikin.co.jp/en/support/download/,2026-06-09,Exact value from the official English catalogue index row.
UN-34M-FC2894BA,Flow rate class,Low,https://www.fujikin.co.jp/en/support/download/,2026-06-09,Exact value from the official English catalogue index row.
UN-34M-FC2894BA,Materials,S,https://www.fujikin.co.jp/en/support/download/,2026-06-09,Exact value from the official English catalogue index row.
US-327P-EB912110,Maximum nominal sizes,25A,https://www.fujikin.co.jp/en/support/download/,2026-06-09,Exact value from the official English catalogue index row.
US-327P-EB912110,Cleanliness,*,https://www.fujikin.co.jp/en/support/download/,2026-06-09,Exact value from the official English catalogue index row.
US-327P-EB912110,Flow rate class,Low,https://www.fujikin.co.jp/en/support/download/,2026-06-09,Exact value from the official English catalogue index row.
US-327P-EB912110,Materials,S,https://www.fujikin.co.jp/en/support/download/,2026-06-09,Exact value from the official English catalogue index row.
US-33P-56DBCAB3,Maximum nominal sizes,15A,https://www.fujikin.co.jp/en/support/download/,2026-06-09,Exact value from the official English catalogue index row.
US-33P-56DBCAB3,Cleanliness,Class 2,https://www.fujikin.co.jp/en/support/download/,2026-06-09,Exact value from the official English catalogue index row.
US-33P-56DBCAB3,Flow rate class,Low,https://www.fujikin.co.jp/en/support/download/,2026-06-09,Exact value from the official English catalogue index row.
US-33P-56DBCAB3,Materials,S,https://www.fujikin.co.jp/en/support/download/,2026-06-09,Exact value from the official English catalogue index row.
FUD-35-722A3331,Maximum nominal sizes,15A,https://www.fujikin.co.jp/en/support/download/,2026-06-09,Exact value from the official English catalogue index row.
FUD-35-722A3331,Cleanliness,Complete,https://www.fujikin.co.jp/en/support/download/,2026-06-09,Exact value from the official English catalogue index row.
FUD-35-722A3331,Flow rate class,Low,https://www.fujikin.co.jp/en/support/download/,2026-06-09,Exact value from the official English catalogue index row.
FUD-35-722A3331,Materials,S,https://www.fujikin.co.jp/en/support/download/,2026-06-09,Exact value from the official English catalogue index row.
UD-31500HP-4A1B4AEA,Maximum nominal sizes,25A,https://www.fujikin.co.jp/en/support/download/,2026-06-09,Exact value from the official English catalogue index row.
UD-31500HP-4A1B4AEA,Cleanliness,Class 1,https://www.fujikin.co.jp/en/support/download/,2026-06-09,Exact value from the official English catalogue index row.
UD-31500HP-4A1B4AEA,Flow rate class,Low,https://www.fujikin.co.jp/en/support/download/,2026-06-09,Exact value from the official English catalogue index row.
UD-31500HP-4A1B4AEA,Materials,S,https://www.fujikin.co.jp/en/support/download/,2026-06-09,Exact value from the official English catalogue index row.
UK-31-3E5F15CC,Maximum nominal sizes,9.52,https://www.fujikin.co.jp/en/support/download/,2026-06-09,Exact value from the official English catalogue index row.
UK-31-3E5F15CC,Cleanliness,Class 2,https://www.fujikin.co.jp/en/support/download/,2026-06-09,Exact value from the official English catalogue index row.
UK-31-3E5F15CC,Flow rate class,Low,https://www.fujikin.co.jp/en/support/download/,2026-06-09,Exact value from the official English catalogue index row.
UK-31-3E5F15CC,Materials,S,https://www.fujikin.co.jp/en/support/download/,2026-06-09,Exact value from the official English catalogue index row.
VUP-920-2B93BF6E,Maximum nominal sizes,1/2 in.,https://www.fujikin.co.jp/en/support/download/,2026-06-09,Exact value from the official English catalogue index row.
VUP-920-2B93BF6E,Cleanliness,*,https://www.fujikin.co.jp/en/support/download/,2026-06-09,Exact value from the official English catalogue index row.
VUP-920-2B93BF6E,Flow rate class,Low,https://www.fujikin.co.jp/en/support/download/,2026-06-09,Exact value from the official English catalogue index row.
VUP-920-2B93BF6E,Materials,S,https://www.fujikin.co.jp/en/support/download/,2026-06-09,Exact value from the official English catalogue index row.
8A-12-7-0AC0047E,Maximum nominal sizes,*,https://www.fujikin.co.jp/en/support/download/,2026-06-09,Exact value from the official English catalogue index row.
8A-12-7-0AC0047E,Cleanliness,Low,https://www.fujikin.co.jp/en/support/download/,2026-06-09,Exact value from the official English catalogue index row.
8A-12-7-0AC0047E,Materials,S,https://www.fujikin.co.jp/en/support/download/,2026-06-09,Exact value from the official English catalogue index row.
CBV3-99F9A97C,Maximum nominal sizes,150A,https://www.fujikin.co.jp/en/support/download/,2026-06-09,Exact value from the official English catalogue index row.
CBV3-99F9A97C,Cleanliness,*,https://www.fujikin.co.jp/en/support/download/,2026-06-09,Exact value from the official English catalogue index row.
CBV3-99F9A97C,Flow rate class,Medium,https://www.fujikin.co.jp/en/support/download/,2026-06-09,Exact value from the official English catalogue index row.
CBV3-99F9A97C,Materials,FC,https://www.fujikin.co.jp/en/support/download/,2026-06-09,Exact value from the official English catalogue index row.
FUBV-FUBVT-74DF449C,Maximum nominal sizes,12.7,https://www.fujikin.co.jp/en/support/download/,2026-06-09,Exact value from the official English catalogue index row.
FUBV-FUBVT-74DF449C,Cleanliness,Complete,https://www.fujikin.co.jp/en/support/download/,2026-06-09,Exact value from the official English catalogue index row.
FUBV-FUBVT-74DF449C,Flow rate class,Low,https://www.fujikin.co.jp/en/support/download/,2026-06-09,Exact value from the official English catalogue index row.
FUBV-FUBVT-74DF449C,Materials,S,https://www.fujikin.co.jp/en/support/download/,2026-06-09,Exact value from the official English catalogue index row.
PUBV-15-95-PUBVT-15-95-D104DD76,Maximum nominal sizes,12.7 15A,https://www.fujikin.co.jp/en/support/download/,2026-06-09,Exact value from the official English catalogue index row.
PUBV-15-95-PUBVT-15-95-D104DD76,Cleanliness,Class 2,https://www.fujikin.co.jp/en/support/download/,2026-06-09,Exact value from the official English catalogue index row.
PUBV-15-95-PUBVT-15-95-D104DD76,Flow rate class,Low,https://www.fujikin.co.jp/en/support/download/,2026-06-09,Exact value from the official English catalogue index row.
PUBV-15-95-PUBVT-15-95-D104DD76,Materials,S,https://www.fujikin.co.jp/en/support/download/,2026-06-09,Exact value from the official English catalogue index row.
PUBV-94-211F3F1F,Maximum nominal sizes,12.7,https://www.fujikin.co.jp/en/support/download/,2026-06-09,Exact value from the official English catalogue index row.
PUBV-94-211F3F1F,Cleanliness,Class 2,https://www.fujikin.co.jp/en/support/download/,2026-06-09,Exact value from the official English catalogue index row.
PUBV-94-211F3F1F,Flow rate class,Low,https://www.fujikin.co.jp/en/support/download/,2026-06-09,Exact value from the official English catalogue index row.
PUBV-94-211F3F1F,Materials,S,https://www.fujikin.co.jp/en/support/download/,2026-06-09,Exact value from the official English catalogue index row.
UBV-DBV-CF3DEB1A,Maximum nominal sizes,50A,https://www.fujikin.co.jp/en/support/download/,2026-06-09,Exact value from the official English catalogue index row.
UBV-DBV-CF3DEB1A,Cleanliness,*,https://www.fujikin.co.jp/en/support/download/,2026-06-09,Exact value from the official English catalogue index row.
UBV-DBV-CF3DEB1A,Flow rate class,Medium,https://www.fujikin.co.jp/en/support/download/,2026-06-09,Exact value from the official English catalogue index row.
UBV-DBV-CF3DEB1A,Materials,S、C,https://www.fujikin.co.jp/en/support/download/,2026-06-09,Exact value from the official English catalogue index row.
UBV-21-JIS10R-ALX-D1FA3516,Maximum nominal sizes,100A,https://www.fujikin.co.jp/en/support/download/,2026-06-09,Exact value from the official English catalogue index row.
UBV-21-JIS10R-ALX-D1FA3516,Cleanliness,Complete,https://www.fujikin.co.jp/en/support/download/,2026-06-09,Exact value from the official English catalogue index row.
UBV-21-JIS10R-ALX-D1FA3516,Flow rate class,High,https://www.fujikin.co.jp/en/support/download/,2026-06-09,Exact value from the official English catalogue index row.
UBV-21-JIS10R-ALX-D1FA3516,Materials,S,https://www.fujikin.co.jp/en/support/download/,2026-06-09,Exact value from the official English catalogue index row.
VUBV-VUBVS-120-920PP-VUBV-VUBVS-020P-VUBVS-320P-VUBVT-9-E85A816A,Maximum nominal sizes,15A 19.05,https://www.fujikin.co.jp/en/support/download/,2026-06-09,Exact value from the official English catalogue index row.
VUBV-VUBVS-120-920PP-VUBV-VUBVS-020P-VUBVS-320P-VUBVT-9-E85A816A,Cleanliness,*,https://www.fujikin.co.jp/en/support/download/,2026-06-09,Exact value from the official English catalogue index row.
VUBV-VUBVS-120-920PP-VUBV-VUBVS-020P-VUBVS-320P-VUBVT-9-E85A816A,Flow rate class,Low,https://www.fujikin.co.jp/en/support/download/,2026-06-09,Exact value from the official English catalogue index row.
VUBV-VUBVS-120-920PP-VUBV-VUBVS-020P-VUBVS-320P-VUBVT-9-E85A816A,Materials,S,https://www.fujikin.co.jp/en/support/download/,2026-06-09,Exact value from the official English catalogue index row.
VUBV-115-VUBV-915-D5E1D695,Maximum nominal sizes,25A 25.4,https://www.fujikin.co.jp/en/support/download/,2026-06-09,Exact value from the official English catalogue index row.
VUBV-115-VUBV-915-D5E1D695,Cleanliness,*,https://www.fujikin.co.jp/en/support/download/,2026-06-09,Exact value from the official English catalogue index row.
VUBV-115-VUBV-915-D5E1D695,Flow rate class,Medium,https://www.fujikin.co.jp/en/support/download/,2026-06-09,Exact value from the official English catalogue index row.
VUBV-115-VUBV-915-D5E1D695,Materials,S,https://www.fujikin.co.jp/en/support/download/,2026-06-09,Exact value from the official English catalogue index row.
VUBV-141P-9F34B97C,Maximum nominal sizes,8A,https://www.fujikin.co.jp/en/support/download/,2026-06-09,Exact value from the official English catalogue index row.
VUBV-141P-9F34B97C,Cleanliness,*,https://www.fujikin.co.jp/en/support/download/,2026-06-09,Exact value from the official English catalogue index row.
VUBV-141P-9F34B97C,Flow rate class,Low,https://www.fujikin.co.jp/en/support/download/,2026-06-09,Exact value from the official English catalogue index row.
VUBV-141P-9F34B97C,Materials,S,https://www.fujikin.co.jp/en/support/download/,2026-06-09,Exact value from the official English catalogue index row.
BNWM-BNWC-66C6E5BE,Maximum nominal sizes,50A,https://www.fujikin.co.jp/en/support/download/,2026-06-09,Exact value from the official English catalogue index row.
BNWM-BNWC-66C6E5BE,Cleanliness,Class 1,https://www.fujikin.co.jp/en/support/download/,2026-06-09,Exact value from the official English catalogue index row.
BNWM-BNWC-66C6E5BE,Flow rate class,Medium,https://www.fujikin.co.jp/en/support/download/,2026-06-09,Exact value from the official English catalogue index row.
BNWM-BNWC-66C6E5BE,Materials,S,https://www.fujikin.co.jp/en/support/download/,2026-06-09,Exact value from the official English catalogue index row.
BSW-F5AFD21C,Maximum nominal sizes,50A,https://www.fujikin.co.jp/en/support/download/,2026-06-09,Exact value from the official English catalogue index row.
BSW-F5AFD21C,Cleanliness,Class 1,https://www.fujikin.co.jp/en/support/download/,2026-06-09,Exact value from the official English catalogue index row.
BSW-F5AFD21C,Flow rate class,High,https://www.fujikin.co.jp/en/support/download/,2026-06-09,Exact value from the official English catalogue index row.
BSW-F5AFD21C,Materials,S,https://www.fujikin.co.jp/en/support/download/,2026-06-09,Exact value from the official English catalogue index row.
LPSM-LPSL-88A88889,Maximum nominal sizes,40A,https://www.fujikin.co.jp/en/support/download/,2026-06-09,Exact value from the official English catalogue index row.
LPSM-LPSL-88A88889,Cleanliness,Class 1,https://www.fujikin.co.jp/en/support/download/,2026-06-09,Exact value from the official English catalogue index row.
LPSM-LPSL-88A88889,Flow rate class,High,https://www.fujikin.co.jp/en/support/download/,2026-06-09,Exact value from the official English catalogue index row.
LPSM-LPSL-88A88889,Materials,S,https://www.fujikin.co.jp/en/support/download/,2026-06-09,Exact value from the official English catalogue index row.
BPV-HIN-9B49F6A4,Maximum nominal sizes,1 in.,https://www.fujikin.co.jp/en/support/download/,2026-06-09,Exact value from the official English catalogue index row.
BPV-HIN-9B49F6A4,Cleanliness,*,https://www.fujikin.co.jp/en/support/download/,2026-06-09,Exact value from the official English catalogue index row.
BPV-HIN-9B49F6A4,Flow rate class,-,https://www.fujikin.co.jp/en/support/download/,2026-06-09,Exact value from the official English catalogue index row.
BPV-HIN-9B49F6A4,Materials,-,https://www.fujikin.co.jp/en/support/download/,2026-06-09,Exact value from the official English catalogue index row.
APR-PUBF-2ED29DC6,Maximum nominal sizes,12.7,https://www.fujikin.co.jp/en/support/download/,2026-06-09,Exact value from the official English catalogue index row.
APR-PUBF-2ED29DC6,Cleanliness,Class 1,https://www.fujikin.co.jp/en/support/download/,2026-06-09,Exact value from the official English catalogue index row.
APR-PUBF-2ED29DC6,Flow rate class,Low,https://www.fujikin.co.jp/en/support/download/,2026-06-09,Exact value from the official English catalogue index row.
APR-PUBF-2ED29DC6,Materials,S,https://www.fujikin.co.jp/en/support/download/,2026-06-09,Exact value from the official English catalogue index row.
FPR-862DCDEF,Maximum nominal sizes,12.7,https://www.fujikin.co.jp/en/support/download/,2026-06-09,Exact value from the official English catalogue index row.
FPR-862DCDEF,Cleanliness,Complete,https://www.fujikin.co.jp/en/support/download/,2026-06-09,Exact value from the official English catalogue index row.
FPR-862DCDEF,Flow rate class,Low,https://www.fujikin.co.jp/en/support/download/,2026-06-09,Exact value from the official English catalogue index row.
FPR-862DCDEF,Materials,S,https://www.fujikin.co.jp/en/support/download/,2026-06-09,Exact value from the official English catalogue index row.
FPR-PA-FPR-HT-0B085CD4,Maximum nominal sizes,12.7,https://www.fujikin.co.jp/en/support/download/,2026-06-09,Exact value from the official English catalogue index row.
FPR-PA-FPR-HT-0B085CD4,Cleanliness,Complete,https://www.fujikin.co.jp/en/support/download/,2026-06-09,Exact value from the official English catalogue index row.
FPR-PA-FPR-HT-0B085CD4,Flow rate class,Low,https://www.fujikin.co.jp/en/support/download/,2026-06-09,Exact value from the official English catalogue index row.
FPR-PA-FPR-HT-0B085CD4,Materials,S,https://www.fujikin.co.jp/en/support/download/,2026-06-09,Exact value from the official English catalogue index row.
FPR-ND-5A1EA9DE,Maximum nominal sizes,12.7,https://www.fujikin.co.jp/en/support/download/,2026-06-09,Exact value from the official English catalogue index row.
FPR-ND-5A1EA9DE,Cleanliness,Complete,https://www.fujikin.co.jp/en/support/download/,2026-06-09,Exact value from the official English catalogue index row.
FPR-ND-5A1EA9DE,Flow rate class,Low,https://www.fujikin.co.jp/en/support/download/,2026-06-09,Exact value from the official English catalogue index row.
FPR-ND-5A1EA9DE,Materials,S,https://www.fujikin.co.jp/en/support/download/,2026-06-09,Exact value from the official English catalogue index row.
FPR-NDF-FPR-UDF-42027ECB,Maximum nominal sizes,12.7,https://www.fujikin.co.jp/en/support/download/,2026-06-09,Exact value from the official English catalogue index row.
FPR-NDF-FPR-UDF-42027ECB,Cleanliness,Complete,https://www.fujikin.co.jp/en/support/download/,2026-06-09,Exact value from the official English catalogue index row.
FPR-NDF-FPR-UDF-42027ECB,Flow rate class,Low,https://www.fujikin.co.jp/en/support/download/,2026-06-09,Exact value from the official English catalogue index row.
FPR-NDF-FPR-UDF-42027ECB,Materials,S,https://www.fujikin.co.jp/en/support/download/,2026-06-09,Exact value from the official English catalogue index row.
FPR-NHD-FSR-SD-19EC4263,Maximum nominal sizes,12.7,https://www.fujikin.co.jp/en/support/download/,2026-06-09,Exact value from the official English catalogue index row.
FPR-NHD-FSR-SD-19EC4263,Cleanliness,Complete,https://www.fujikin.co.jp/en/support/download/,2026-06-09,Exact value from the official English catalogue index row.
FPR-NHD-FSR-SD-19EC4263,Flow rate class,Low,https://www.fujikin.co.jp/en/support/download/,2026-06-09,Exact value from the official English catalogue index row.
FPR-NHD-FSR-SD-19EC4263,Materials,S,https://www.fujikin.co.jp/en/support/download/,2026-06-09,Exact value from the official English catalogue index row.
FPR-NSD-71SS2-2A68F33E,Maximum nominal sizes,6.35,https://www.fujikin.co.jp/en/support/download/,2026-06-09,Exact value from the official English catalogue index row.
FPR-NSD-71SS2-2A68F33E,Cleanliness,Complete,https://www.fujikin.co.jp/en/support/download/,2026-06-09,Exact value from the official English catalogue index row.
FPR-NSD-71SS2-2A68F33E,Flow rate class,Low,https://www.fujikin.co.jp/en/support/download/,2026-06-09,Exact value from the official English catalogue index row.
FPR-NSD-71SS2-2A68F33E,Materials,S,https://www.fujikin.co.jp/en/support/download/,2026-06-09,Exact value from the official English catalogue index row.
FWB-R-71-724C7B60,Maximum nominal sizes,9.52,https://www.fujikin.co.jp/en/support/download/,2026-06-09,Exact value from the official English catalogue index row.
FWB-R-71-724C7B60,Cleanliness,Complete,https://www.fujikin.co.jp/en/support/download/,2026-06-09,Exact value from the official English catalogue index row.
FWB-R-71-724C7B60,Flow rate class,Low,https://www.fujikin.co.jp/en/support/download/,2026-06-09,Exact value from the official English catalogue index row.
FWB-R-71-724C7B60,Materials,S,https://www.fujikin.co.jp/en/support/download/,2026-06-09,Exact value from the official English catalogue index row.
FWBR-C72E3A7D,Maximum nominal sizes,12.7,https://www.fujikin.co.jp/en/support/download/,2026-06-09,Exact value from the official English catalogue index row.
FWBR-C72E3A7D,Cleanliness,Complete,https://www.fujikin.co.jp/en/support/download/,2026-06-09,Exact value from the official English catalogue index row.
FWBR-C72E3A7D,Flow rate class,Low,https://www.fujikin.co.jp/en/support/download/,2026-06-09,Exact value from the official English catalogue index row.
FWBR-C72E3A7D,Materials,S,https://www.fujikin.co.jp/en/support/download/,2026-06-09,Exact value from the official English catalogue index row.
C1-C3-C67BF803,Maximum nominal sizes,25A 12.7,https://www.fujikin.co.jp/en/support/download/,2026-06-09,Exact value from the official English catalogue index row.
C1-C3-C67BF803,Cleanliness,Class 2,https://www.fujikin.co.jp/en/support/download/,2026-06-09,Exact value from the official English catalogue index row.
C1-C3-C67BF803,Flow rate class,Low,https://www.fujikin.co.jp/en/support/download/,2026-06-09,Exact value from the official English catalogue index row.
C1-C3-C67BF803,Materials,S,https://www.fujikin.co.jp/en/support/download/,2026-06-09,Exact value from the official English catalogue index row.
E32GM3R4-7100-40C363D8,Maximum nominal sizes,9.52,https://www.fujikin.co.jp/en/support/download/,2026-06-09,Exact value from the official English catalogue index row.
E32GM3R4-7100-40C363D8,Cleanliness,*,https://www.fujikin.co.jp/en/support/download/,2026-06-09,Exact value from the official English catalogue index row.
E32GM3R4-7100-40C363D8,Flow rate class,Low,https://www.fujikin.co.jp/en/support/download/,2026-06-09,Exact value from the official English catalogue index row.
E32GM3R4-7100-40C363D8,Materials,S,https://www.fujikin.co.jp/en/support/download/,2026-06-09,Exact value from the official English catalogue index row.
E32M3R4-7100-FF2050A2,Maximum nominal sizes,14.2,https://www.fujikin.co.jp/en/support/download/,2026-06-09,Exact value from the official English catalogue index row.
E32M3R4-7100-FF2050A2,Cleanliness,*,https://www.fujikin.co.jp/en/support/download/,2026-06-09,Exact value from the official English catalogue index row.
E32M3R4-7100-FF2050A2,Flow rate class,Low,https://www.fujikin.co.jp/en/support/download/,2026-06-09,Exact value from the official English catalogue index row.
E32M3R4-7100-FF2050A2,Materials,S,https://www.fujikin.co.jp/en/support/download/,2026-06-09,Exact value from the official English catalogue index row.
M2-M3-FEA975F3,Maximum nominal sizes,25A 12.7,https://www.fujikin.co.jp/en/support/download/,2026-06-09,Exact value from the official English catalogue index row.
M2-M3-FEA975F3,Cleanliness,Class 2,https://www.fujikin.co.jp/en/support/download/,2026-06-09,Exact value from the official English catalogue index row.
M2-M3-FEA975F3,Flow rate class,Low,https://www.fujikin.co.jp/en/support/download/,2026-06-09,Exact value from the official English catalogue index row.
M2-M3-FEA975F3,Materials,S,https://www.fujikin.co.jp/en/support/download/,2026-06-09,Exact value from the official English catalogue index row.
S1-E864C3F7,Maximum nominal sizes,10A,https://www.fujikin.co.jp/en/support/download/,2026-06-09,Exact value from the official English catalogue index row.
S1-E864C3F7,Cleanliness,*,https://www.fujikin.co.jp/en/support/download/,2026-06-09,Exact value from the official English catalogue index row.
S1-E864C3F7,Flow rate class,Low,https://www.fujikin.co.jp/en/support/download/,2026-06-09,Exact value from the official English catalogue index row.
S1-E864C3F7,Materials,S,https://www.fujikin.co.jp/en/support/download/,2026-06-09,Exact value from the official English catalogue index row.
S2-S3-C710600E,Maximum nominal sizes,25A 12.7,https://www.fujikin.co.jp/en/support/download/,2026-06-09,Exact value from the official English catalogue index row.
S2-S3-C710600E,Cleanliness,Class 2,https://www.fujikin.co.jp/en/support/download/,2026-06-09,Exact value from the official English catalogue index row.
S2-S3-C710600E,Flow rate class,Low,https://www.fujikin.co.jp/en/support/download/,2026-06-09,Exact value from the official English catalogue index row.
S2-S3-C710600E,Materials,S,https://www.fujikin.co.jp/en/support/download/,2026-06-09,Exact value from the official English catalogue index row.
S5-ABAEA1F6,Maximum nominal sizes,15A,https://www.fujikin.co.jp/en/support/download/,2026-06-09,Exact value from the official English catalogue index row.
S5-ABAEA1F6,Cleanliness,Class 2,https://www.fujikin.co.jp/en/support/download/,2026-06-09,Exact value from the official English catalogue index row.
S5-ABAEA1F6,Flow rate class,Low,https://www.fujikin.co.jp/en/support/download/,2026-06-09,Exact value from the official English catalogue index row.
S5-ABAEA1F6,Materials,S,https://www.fujikin.co.jp/en/support/download/,2026-06-09,Exact value from the official English catalogue index row.
APR-GUH-7100-1BD56CD2,Maximum nominal sizes,9.52,https://www.fujikin.co.jp/en/support/download/,2026-06-09,Exact value from the official English catalogue index row.
APR-GUH-7100-1BD56CD2,Cleanliness,*,https://www.fujikin.co.jp/en/support/download/,2026-06-09,Exact value from the official English catalogue index row.
APR-GUH-7100-1BD56CD2,Flow rate class,Low,https://www.fujikin.co.jp/en/support/download/,2026-06-09,Exact value from the official English catalogue index row.
APR-GUH-7100-1BD56CD2,Materials,S,https://www.fujikin.co.jp/en/support/download/,2026-06-09,Exact value from the official English catalogue index row.
APR-GUH-7100M-6F3A99AF,Maximum nominal sizes,9.52,https://www.fujikin.co.jp/en/support/download/,2026-06-09,Exact value from the official English catalogue index row.
APR-GUH-7100M-6F3A99AF,Cleanliness,*,https://www.fujikin.co.jp/en/support/download/,2026-06-09,Exact value from the official English catalogue index row.
APR-GUH-7100M-6F3A99AF,Flow rate class,Low,https://www.fujikin.co.jp/en/support/download/,2026-06-09,Exact value from the official English catalogue index row.
APR-GUH-7100M-6F3A99AF,Materials,S,https://www.fujikin.co.jp/en/support/download/,2026-06-09,Exact value from the official English catalogue index row.
M3R4-8100-7CCC518C,Maximum nominal sizes,14.2,https://www.fujikin.co.jp/en/support/download/,2026-06-09,Exact value from the official English catalogue index row.
M3R4-8100-7CCC518C,Cleanliness,*,https://www.fujikin.co.jp/en/support/download/,2026-06-09,Exact value from the official English catalogue index row.
M3R4-8100-7CCC518C,Flow rate class,Low,https://www.fujikin.co.jp/en/support/download/,2026-06-09,Exact value from the official English catalogue index row.
M3R4-8100-7CCC518C,Materials,S,https://www.fujikin.co.jp/en/support/download/,2026-06-09,Exact value from the official English catalogue index row.
BYCFO-BYCFU-BF751B4A,Maximum nominal sizes,50A,https://www.fujikin.co.jp/en/support/download/,2026-06-09,Exact value from the official English catalogue index row.
BYCFO-BYCFU-BF751B4A,Cleanliness,*,https://www.fujikin.co.jp/en/support/download/,2026-06-09,Exact value from the official English catalogue index row.
BYCFO-BYCFU-BF751B4A,Flow rate class,High,https://www.fujikin.co.jp/en/support/download/,2026-06-09,Exact value from the official English catalogue index row.
BYCFO-BYCFU-BF751B4A,Materials,S,https://www.fujikin.co.jp/en/support/download/,2026-06-09,Exact value from the official English catalogue index row.
C1-C3-ACE55872,Maximum nominal sizes,25A 12.7,https://www.fujikin.co.jp/en/support/download/,2026-06-09,Exact value from the official English catalogue index row.
C1-C3-ACE55872,Cleanliness,Class 2,https://www.fujikin.co.jp/en/support/download/,2026-06-09,Exact value from the official English catalogue index row.
C1-C3-ACE55872,Flow rate class,Low,https://www.fujikin.co.jp/en/support/download/,2026-06-09,Exact value from the official English catalogue index row.
C1-C3-ACE55872,Materials,S,https://www.fujikin.co.jp/en/support/download/,2026-06-09,Exact value from the official English catalogue index row.
M2-M3-D64FEC55,Maximum nominal sizes,25A 12.7,https://www.fujikin.co.jp/en/support/download/,2026-06-09,Exact value from the official English catalogue index row.
M2-M3-D64FEC55,Cleanliness,Class 2,https://www.fujikin.co.jp/en/support/download/,2026-06-09,Exact value from the official English catalogue index row.
M2-M3-D64FEC55,Flow rate class,Low,https://www.fujikin.co.jp/en/support/download/,2026-06-09,Exact value from the official English catalogue index row.
M2-M3-D64FEC55,Materials,S,https://www.fujikin.co.jp/en/support/download/,2026-06-09,Exact value from the official English catalogue index row.
S2-S3-98D5ADB7,Maximum nominal sizes,25A 12.7,https://www.fujikin.co.jp/en/support/download/,2026-06-09,Exact value from the official English catalogue index row.
S2-S3-98D5ADB7,Cleanliness,Class 2,https://www.fujikin.co.jp/en/support/download/,2026-06-09,Exact value from the official English catalogue index row.
S2-S3-98D5ADB7,Flow rate class,Low,https://www.fujikin.co.jp/en/support/download/,2026-06-09,Exact value from the official English catalogue index row.
S2-S3-98D5ADB7,Materials,S,https://www.fujikin.co.jp/en/support/download/,2026-06-09,Exact value from the official English catalogue index row.
AFMO-01-ECC01838,Maximum nominal sizes,25A,https://www.fujikin.co.jp/en/support/download/,2026-06-09,Exact value from the official English catalogue index row.
AFMO-01-ECC01838,Cleanliness,*,https://www.fujikin.co.jp/en/support/download/,2026-06-09,Exact value from the official English catalogue index row.
AFMO-01-ECC01838,Flow rate class,Medium,https://www.fujikin.co.jp/en/support/download/,2026-06-09,Exact value from the official English catalogue index row.
AFMO-01-ECC01838,Materials,S,https://www.fujikin.co.jp/en/support/download/,2026-06-09,Exact value from the official English catalogue index row.
AFMO-40R-5AA833E0,Maximum nominal sizes,50A,https://www.fujikin.co.jp/en/support/download/,2026-06-09,Exact value from the official English catalogue index row.
AFMO-40R-5AA833E0,Cleanliness,*,https://www.fujikin.co.jp/en/support/download/,2026-06-09,Exact value from the official English catalogue index row.
AFMO-40R-5AA833E0,Flow rate class,Medium,https://www.fujikin.co.jp/en/support/download/,2026-06-09,Exact value from the official English catalogue index row.
AFMO-40R-5AA833E0,Materials,S,https://www.fujikin.co.jp/en/support/download/,2026-06-09,Exact value from the official English catalogue index row.
APR-VUBV-F42F1943,Maximum nominal sizes,25A 25.4,https://www.fujikin.co.jp/en/support/download/,2026-06-09,Exact value from the official English catalogue index row.
APR-VUBV-F42F1943,Cleanliness,*,https://www.fujikin.co.jp/en/support/download/,2026-06-09,Exact value from the official English catalogue index row.
APR-VUBV-F42F1943,Flow rate class,Medium,https://www.fujikin.co.jp/en/support/download/,2026-06-09,Exact value from the official English catalogue index row.
APR-VUBV-F42F1943,Materials,S,https://www.fujikin.co.jp/en/support/download/,2026-06-09,Exact value from the official English catalogue index row.
APR-VUBV-VUBVS-120-920P-APDM-VUBV-VUBVS-120-920P-6D0BD733,Maximum nominal sizes,20A 19.05,https://www.fujikin.co.jp/en/support/download/,2026-06-09,Exact value from the official English catalogue index row.
APR-VUBV-VUBVS-120-920P-APDM-VUBV-VUBVS-120-920P-6D0BD733,Cleanliness,*,https://www.fujikin.co.jp/en/support/download/,2026-06-09,Exact value from the official English catalogue index row.
APR-VUBV-VUBVS-120-920P-APDM-VUBV-VUBVS-120-920P-6D0BD733,Flow rate class,Medium,https://www.fujikin.co.jp/en/support/download/,2026-06-09,Exact value from the official English catalogue index row.
APR-VUBV-VUBVS-120-920P-APDM-VUBV-VUBVS-120-920P-6D0BD733,Materials,S,https://www.fujikin.co.jp/en/support/download/,2026-06-09,Exact value from the official English catalogue index row.
CBV3-CC5A55B4,Maximum nominal sizes,150A,https://www.fujikin.co.jp/en/support/download/,2026-06-09,Exact value from the official English catalogue index row.
CBV3-CC5A55B4,Cleanliness,*,https://www.fujikin.co.jp/en/support/download/,2026-06-09,Exact value from the official English catalogue index row.
CBV3-CC5A55B4,Flow rate class,Medium,https://www.fujikin.co.jp/en/support/download/,2026-06-09,Exact value from the official English catalogue index row.
CBV3-CC5A55B4,Materials,FC,https://www.fujikin.co.jp/en/support/download/,2026-06-09,Exact value from the official English catalogue index row.
DM-UBV-AE1FA62A,Maximum nominal sizes,20A,https://www.fujikin.co.jp/en/support/download/,2026-06-09,Exact value from the official English catalogue index row.
DM-UBV-AE1FA62A,Cleanliness,*,https://www.fujikin.co.jp/en/support/download/,2026-06-09,Exact value from the official English catalogue index row.
DM-UBV-AE1FA62A,Flow rate class,Medium,https://www.fujikin.co.jp/en/support/download/,2026-06-09,Exact value from the official English catalogue index row.
DM-UBV-AE1FA62A,Materials,S,https://www.fujikin.co.jp/en/support/download/,2026-06-09,Exact value from the official English catalogue index row.
UBV-21-JIS10R-ALX-585B05C3,Maximum nominal sizes,100A,https://www.fujikin.co.jp/en/support/download/,2026-06-09,Exact value from the official English catalogue index row.
UBV-21-JIS10R-ALX-585B05C3,Cleanliness,Complete,https://www.fujikin.co.jp/en/support/download/,2026-06-09,Exact value from the official English catalogue index row.
UBV-21-JIS10R-ALX-585B05C3,Flow rate class,High,https://www.fujikin.co.jp/en/support/download/,2026-06-09,Exact value from the official English catalogue index row.
UBV-21-JIS10R-ALX-585B05C3,Materials,S,https://www.fujikin.co.jp/en/support/download/,2026-06-09,Exact value from the official English catalogue index row.
CP-B366732D,Maximum nominal sizes,40A,https://www.fujikin.co.jp/en/support/download/,2026-06-09,Exact value from the official English catalogue index row.
CP-B366732D,Cleanliness,*,https://www.fujikin.co.jp/en/support/download/,2026-06-09,Exact value from the official English catalogue index row.
CP-B366732D,Flow rate class,Medium,https://www.fujikin.co.jp/en/support/download/,2026-06-09,Exact value from the official English catalogue index row.
CP-B366732D,Materials,FC,https://www.fujikin.co.jp/en/support/download/,2026-06-09,Exact value from the official English catalogue index row.
SVLCDC-244EFA5B,Maximum nominal sizes,6A,https://www.fujikin.co.jp/en/support/download/,2026-06-09,Exact value from the official English catalogue index row.
SVLCDC-244EFA5B,Cleanliness,Class 1,https://www.fujikin.co.jp/en/support/download/,2026-06-09,Exact value from the official English catalogue index row.
SVLCDC-244EFA5B,Flow rate class,Low,https://www.fujikin.co.jp/en/support/download/,2026-06-09,Exact value from the official English catalogue index row.
SVLCDC-244EFA5B,Materials,S,https://www.fujikin.co.jp/en/support/download/,2026-06-09,Exact value from the official English catalogue index row.
BNWC-2F0E12E0,Maximum nominal sizes,50A,https://www.fujikin.co.jp/en/support/download/,2026-06-09,Exact value from the official English catalogue index row.
BNWC-2F0E12E0,Cleanliness,Class 1,https://www.fujikin.co.jp/en/support/download/,2026-06-09,Exact value from the official English catalogue index row.
BNWC-2F0E12E0,Flow rate class,Medium,https://www.fujikin.co.jp/en/support/download/,2026-06-09,Exact value from the official English catalogue index row.
BNWC-2F0E12E0,Materials,S,https://www.fujikin.co.jp/en/support/download/,2026-06-09,Exact value from the official English catalogue index row.
BSWCN-AD5BAF95,Maximum nominal sizes,50A,https://www.fujikin.co.jp/en/support/download/,2026-06-09,Exact value from the official English catalogue index row.
BSWCN-AD5BAF95,Cleanliness,Class 1,https://www.fujikin.co.jp/en/support/download/,2026-06-09,Exact value from the official English catalogue index row.
BSWCN-AD5BAF95,Flow rate class,High,https://www.fujikin.co.jp/en/support/download/,2026-06-09,Exact value from the official English catalogue index row.
BSWCN-AD5BAF95,Materials,S,https://www.fujikin.co.jp/en/support/download/,2026-06-09,Exact value from the official English catalogue index row.
LPS-5E67B882,Maximum nominal sizes,40A,https://www.fujikin.co.jp/en/support/download/,2026-06-09,Exact value from the official English catalogue index row.
LPS-5E67B882,Cleanliness,Class 1,https://www.fujikin.co.jp/en/support/download/,2026-06-09,Exact value from the official English catalogue index row.
LPS-5E67B882,Flow rate class,High,https://www.fujikin.co.jp/en/support/download/,2026-06-09,Exact value from the official English catalogue index row.
LPS-5E67B882,Materials,S,https://www.fujikin.co.jp/en/support/download/,2026-06-09,Exact value from the official English catalogue index row.
FUCL-089E8ECB,Maximum nominal sizes,12.7 15A,https://www.fujikin.co.jp/en/support/download/,2026-06-09,Exact value from the official English catalogue index row.
FUCL-089E8ECB,Cleanliness,Complete,https://www.fujikin.co.jp/en/support/download/,2026-06-09,Exact value from the official English catalogue index row.
FUCL-089E8ECB,Flow rate class,Low,https://www.fujikin.co.jp/en/support/download/,2026-06-09,Exact value from the official English catalogue index row.
FUCL-089E8ECB,Materials,S,https://www.fujikin.co.jp/en/support/download/,2026-06-09,Exact value from the official English catalogue index row.
PUCL-1CB43017,Maximum nominal sizes,12.7,https://www.fujikin.co.jp/en/support/download/,2026-06-09,Exact value from the official English catalogue index row.
PUCL-1CB43017,Cleanliness,Class 2,https://www.fujikin.co.jp/en/support/download/,2026-06-09,Exact value from the official English catalogue index row.
PUCL-1CB43017,Flow rate class,Low,https://www.fujikin.co.jp/en/support/download/,2026-06-09,Exact value from the official English catalogue index row.
PUCL-1CB43017,Materials,S,https://www.fujikin.co.jp/en/support/download/,2026-06-09,Exact value from the official English catalogue index row.
UCL-7100-18526106,Maximum nominal sizes,14.2,https://www.fujikin.co.jp/en/support/download/,2026-06-09,Exact value from the official English catalogue index row.
UCL-7100-18526106,Cleanliness,*,https://www.fujikin.co.jp/en/support/download/,2026-06-09,Exact value from the official English catalogue index row.
UCL-7100-18526106,Flow rate class,Low,https://www.fujikin.co.jp/en/support/download/,2026-06-09,Exact value from the official English catalogue index row.
UCL-7100-18526106,Materials,S,https://www.fujikin.co.jp/en/support/download/,2026-06-09,Exact value from the official English catalogue index row.
VURF-041L-A0FBCCEA,Maximum nominal sizes,12.7,https://www.fujikin.co.jp/en/support/download/,2026-06-09,Exact value from the official English catalogue index row.
VURF-041L-A0FBCCEA,Cleanliness,*,https://www.fujikin.co.jp/en/support/download/,2026-06-09,Exact value from the official English catalogue index row.
VURF-041L-A0FBCCEA,Flow rate class,Low,https://www.fujikin.co.jp/en/support/download/,2026-06-09,Exact value from the official English catalogue index row.
VURF-041L-A0FBCCEA,Materials,S,https://www.fujikin.co.jp/en/support/download/,2026-06-09,Exact value from the official English catalogue index row.
PDW-6B6AF5A0,Maximum nominal sizes,12.7,https://www.fujikin.co.jp/en/support/download/,2026-06-09,Exact value from the official English catalogue index row.
PDW-6B6AF5A0,Cleanliness,*,https://www.fujikin.co.jp/en/support/download/,2026-06-09,Exact value from the official English catalogue index row.
PDW-6B6AF5A0,Materials,C,https://www.fujikin.co.jp/en/support/download/,2026-06-09,Exact value from the official English catalogue index row.
F900-5473313A,Maximum nominal sizes,25A 25.4,https://www.fujikin.co.jp/en/support/download/,2026-06-09,Exact value from the official English catalogue index row.
F900-5473313A,Cleanliness,Complete,https://www.fujikin.co.jp/en/support/download/,2026-06-09,Exact value from the official English catalogue index row.
F900-5473313A,Materials,S,https://www.fujikin.co.jp/en/support/download/,2026-06-09,Exact value from the official English catalogue index row.
LF900-B2B76351,Maximum nominal sizes,15A 12.7,https://www.fujikin.co.jp/en/support/download/,2026-06-09,Exact value from the official English catalogue index row.
LF900-B2B76351,Cleanliness,Complete,https://www.fujikin.co.jp/en/support/download/,2026-06-09,Exact value from the official English catalogue index row.
LF900-B2B76351,Materials,S,https://www.fujikin.co.jp/en/support/download/,2026-06-09,Exact value from the official English catalogue index row.
PUW-C0414221,Maximum nominal sizes,25A 25.4,https://www.fujikin.co.jp/en/support/download/,2026-06-09,Exact value from the official English catalogue index row.
PUW-C0414221,Cleanliness,*,https://www.fujikin.co.jp/en/support/download/,2026-06-09,Exact value from the official English catalogue index row.
PUW-C0414221,Materials,S,https://www.fujikin.co.jp/en/support/download/,2026-06-09,Exact value from the official English catalogue index row.
VUW-42955F30,Maximum nominal sizes,25A 25.4,https://www.fujikin.co.jp/en/support/download/,2026-06-09,Exact value from the official English catalogue index row.
VUW-42955F30,Cleanliness,*,https://www.fujikin.co.jp/en/support/download/,2026-06-09,Exact value from the official English catalogue index row.
VUW-42955F30,Materials,S,https://www.fujikin.co.jp/en/support/download/,2026-06-09,Exact value from the official English catalogue index row.
RH-0F3C82DB,Maximum nominal sizes,15A 12.7,https://www.fujikin.co.jp/en/support/download/,2026-06-09,Exact value from the official English catalogue index row.
RH-0F3C82DB,Cleanliness,*,https://www.fujikin.co.jp/en/support/download/,2026-06-09,Exact value from the official English catalogue index row.
RH-0F3C82DB,Materials,C,https://www.fujikin.co.jp/en/support/download/,2026-06-09,Exact value from the official English catalogue index row.
UJR-28559EEE,Maximum nominal sizes,19.05,https://www.fujikin.co.jp/en/support/download/,2026-06-09,Exact value from the official English catalogue index row.
UJR-28559EEE,Cleanliness,Complete,https://www.fujikin.co.jp/en/support/download/,2026-06-09,Exact value from the official English catalogue index row.
UJR-28559EEE,Materials,S,https://www.fujikin.co.jp/en/support/download/,2026-06-09,Exact value from the official English catalogue index row.
UPG-A9B37E7E,Maximum nominal sizes,12.7,https://www.fujikin.co.jp/en/support/download/,2026-06-09,Exact value from the official English catalogue index row.
UPG-A9B37E7E,Cleanliness,Complete,https://www.fujikin.co.jp/en/support/download/,2026-06-09,Exact value from the official English catalogue index row.
UPG-A9B37E7E,Materials,S,https://www.fujikin.co.jp/en/support/download/,2026-06-09,Exact value from the official English catalogue index row.
UJL-UJT-B170D197,Maximum nominal sizes,12.7,https://www.fujikin.co.jp/en/support/download/,2026-06-09,Exact value from the official English catalogue index row.
UJL-UJT-B170D197,Cleanliness,Complete,https://www.fujikin.co.jp/en/support/download/,2026-06-09,Exact value from the official English catalogue index row.
UJL-UJT-B170D197,Materials,S,https://www.fujikin.co.jp/en/support/download/,2026-06-09,Exact value from the official English catalogue index row.
UJUN-UJU-189E9912,Maximum nominal sizes,14.2,https://www.fujikin.co.jp/en/support/download/,2026-06-09,Exact value from the official English catalogue index row.
UJUN-UJU-189E9912,Cleanliness,*,https://www.fujikin.co.jp/en/support/download/,2026-06-09,Exact value from the official English catalogue index row.
UJUN-UJU-189E9912,Materials,S,https://www.fujikin.co.jp/en/support/download/,2026-06-09,Exact value from the official English catalogue index row.
UJB-A6BC7490,Maximum nominal sizes,25A,https://www.fujikin.co.jp/en/support/download/,2026-06-09,Exact value from the official English catalogue index row.
UJB-A6BC7490,Cleanliness,*,https://www.fujikin.co.jp/en/support/download/,2026-06-09,Exact value from the official English catalogue index row.
UJB-A6BC7490,Materials,S,https://www.fujikin.co.jp/en/support/download/,2026-06-09,Exact value from the official English catalogue index row.
UJN-DDB3B6D5,Maximum nominal sizes,15A,https://www.fujikin.co.jp/en/support/download/,2026-06-09,Exact value from the official English catalogue index row.
UJN-DDB3B6D5,Cleanliness,*,https://www.fujikin.co.jp/en/support/download/,2026-06-09,Exact value from the official English catalogue index row.
UJN-DDB3B6D5,Materials,S,https://www.fujikin.co.jp/en/support/download/,2026-06-09,Exact value from the official English catalogue index row.
UJP-79E754F6,Maximum nominal sizes,25A,https://www.fujikin.co.jp/en/support/download/,2026-06-09,Exact value from the official English catalogue index row.
UJP-79E754F6,Cleanliness,*,https://www.fujikin.co.jp/en/support/download/,2026-06-09,Exact value from the official English catalogue index row.
UJP-79E754F6,Materials,S,https://www.fujikin.co.jp/en/support/download/,2026-06-09,Exact value from the official English catalogue index row.
UJS-FA6A7EC7,Maximum nominal sizes,15A,https://www.fujikin.co.jp/en/support/download/,2026-06-09,Exact value from the official English catalogue index row.
UJS-FA6A7EC7,Cleanliness,*,https://www.fujikin.co.jp/en/support/download/,2026-06-09,Exact value from the official English catalogue index row.
UJS-FA6A7EC7,Materials,S,https://www.fujikin.co.jp/en/support/download/,2026-06-09,Exact value from the official English catalogue index row.
FCSP7000-FCSP8000-882FFB98,Cleanliness,Complete,https://www.fujikin.co.jp/en/support/download/,2026-06-09,Exact value from the official English catalogue index row.
FCSP7000-FCSP8000-882FFB98,Flow rate class,Low,https://www.fujikin.co.jp/en/support/download/,2026-06-09,Exact value from the official English catalogue index row.
FCSP7000-FCSP8000-882FFB98,Materials,S,https://www.fujikin.co.jp/en/support/download/,2026-06-09,Exact value from the official English catalogue index row.
FINE-SERIES-PURE-IGS-INTEGRATED-GAS-SYSTEM-3D87FB3B,Cleanliness,Complete,https://www.fujikin.co.jp/en/support/download/,2026-06-09,Exact value from the official English catalogue index row.
FINE-SERIES-PURE-IGS-INTEGRATED-GAS-SYSTEM-3D87FB3B,Flow rate class,Low,https://www.fujikin.co.jp/en/support/download/,2026-06-09,Exact value from the official English catalogue index row.
FINE-SERIES-PURE-IGS-INTEGRATED-GAS-SYSTEM-3D87FB3B,Materials,S,https://www.fujikin.co.jp/en/support/download/,2026-06-09,Exact value from the official English catalogue index row.
FCST1000-FCST2000-BE84B2C5,Cleanliness,Complete,https://www.fujikin.co.jp/en/support/download/,2026-06-09,Exact value from the official English catalogue index row.
FCST1000-FCST2000-BE84B2C5,Flow rate class,Low,https://www.fujikin.co.jp/en/support/download/,2026-06-09,Exact value from the official English catalogue index row.
FCST1000-FCST2000-BE84B2C5,Materials,S,https://www.fujikin.co.jp/en/support/download/,2026-06-09,Exact value from the official English catalogue index row.
FINE-SERIES-PURE-WVG-WATER-VAPOR-GENERATOR-D993DC14,Maximum nominal sizes,6.35,https://www.fujikin.co.jp/en/support/download/,2026-06-09,Exact value from the official English catalogue index row.
FINE-SERIES-PURE-WVG-WATER-VAPOR-GENERATOR-D993DC14,Cleanliness,Complete,https://www.fujikin.co.jp/en/support/download/,2026-06-09,Exact value from the official English catalogue index row.
FUFL-FUFT-841083A9,Maximum nominal sizes,15A,https://www.fujikin.co.jp/en/support/download/,2026-06-09,Exact value from the official English catalogue index row.
FUFL-FUFT-841083A9,Cleanliness,Complete,https://www.fujikin.co.jp/en/support/download/,2026-06-09,Exact value from the official English catalogue index row.
FUFL-FUFT-841083A9,Flow rate class,Low,https://www.fujikin.co.jp/en/support/download/,2026-06-09,Exact value from the official English catalogue index row.
FUFL-FUFT-841083A9,Materials,S,https://www.fujikin.co.jp/en/support/download/,2026-06-09,Exact value from the official English catalogue index row.
UFL-7100-473CC265,Maximum nominal sizes,15A,https://www.fujikin.co.jp/en/support/download/,2026-06-09,Exact value from the official English catalogue index row.
UFL-7100-473CC265,Cleanliness,*,https://www.fujikin.co.jp/en/support/download/,2026-06-09,Exact value from the official English catalogue index row.
UFL-7100-473CC265,Materials,S,https://www.fujikin.co.jp/en/support/download/,2026-06-09,Exact value from the official English catalogue index row.
